,er_cool,er_date,er_freinds,er_funny,er_location,er_name,er_photos,er_rating,er_reviews,er_text,er_useful
0,1,10/18/2018,62,1,"Fort Lauderdale, FL",Ann Robin H.,2784,4.0,358,"Check in a breeze. Friendly front desk. I asked not for first floor because traveling alone. So I get the 11 th floor  . But to my surprise it's adjoining  room . I said I was to stay here alone I don't need a adjoining door coming into my room little disappointed. But the hotel is clean nice ,nice view all the beautiful big green old trees of White Plains. My housekeeper Selina Pettit was so very helpful , went above and beyond to help me ,my room 1132 curtains did not close one piece was broken so in AM it's bright.I had the Buffett breakfast lots of goodies. Fruit , breads, oatmeal ,bacon, eggs ,and muffins fresh fruit etc. usual buffet.  Sever was very accommodating inquiring how long I was staying  didn't rush me very seasoned server. I see when they seat you at a table for four, but your only one , they do not remove the other plates, coffee cup rolled napkins , etc . I'm seating there and the other table is coughing and sneezing, I say that those other plates and cups are now cross contaminated. Im glad I didn't come in after and get that table . Nice size room big bathroom. Nice shower with two shower heads. Wish it worked, I tried myself to fix it but the second shower head would not turn on. I guess it's for look's .I made out a work order, the second day . They fixed only the blackout shade and vent in bathroom. . But the most important is the light on wall with wires hanging out. I called , someone came right up no tool box but a screwdriver.He said he would report it, and have someone's in the next day NOT. That's dangerous. Very sad . Every employee that I came across was very polite , professional and always say's hello ,can I help you very niceNot many pic's of hotel or room .",1
1,,7/6/2018,10,,"Manassas, VA",Angie A.,5,5.0,30,We have had a great stay here! No complaints at all. Everyone was very nice and helpful. Check in was a breeze! Will stay again,
2,,6/7/2018,73,,"Los Angeles, CA",C C.,0,3.0,23,This business hotel is a good spot if you're in town for work. Nothing fancy but met my needs with the essentials. There's a Whole Foods close by. I booked a non smoking room but was put in a smoking room. I asked to be transferred immediately. One star off for that.,
3,,9/28/2018,1,,"Santa Rosa, CA",Tessa D.,37,5.0,29,"We are on our last day here, day 3 and have had nothing but a great experience! The staff have all been very friendly and helpful. The room is very clean and comfortable. The food here is fantastic! Just all around great place :)",
4,,10/3/2018,326,,"Roanoke, VA",Nicole A.,115,4.0,146,"I spend a lot of time in hotels and my heart sinks a little every time I see I'll be in a Crown Plaza. So I wasn't especially excited about this one but it was much better than I was expecting! The location is great - right next to the mall, and near a Whole Foods (my favorite!) and Cheesecake Factory. The lobby area is big and bright with plenty of seating for sitting around or getting work done. The pool is small but indoors, and the pool exercise rooms are well stocked - there are more treadmills and elliptical in the other room :)",2
5,,8/1/2018,37,1,"Glendale, AZ",Lisa O.,495,4.0,273,"We had my Niece's wedding group staying here.  Jacquie, the Manager, was very accommodating/hands-on and accessible. Champagne in the lobby was a nice touch.  The front door folks very professional and trained well.  The location/ease of access to the hotel was great.  The shower in the 11th floor suite was beautiful and definitely a step up from the other rooms. Room service was EXCELLENT! A few things need some work: The suite was not stocked with anything. No trash bags, no microwave oven, not even a corkscrew or bottle opener. You rent a suite for a small party and it was difficult to do here because of a lack of amenities.  Microwave at the end of the hall did not work, so, useless. The elevators sometimes let you go floor to floor and other times not. Staff at the restaurant not well trained. Bar folks did an ok job and although the drinks were expensive, the pour was long.  At the end of the day, a well deserved four stars!",
6,2,12/6/2017,202,2,"Orlando, FL",Patti M.,81,3.0,745,"I can't say my experience was anything like the others here on Yelp.  Our room was spotless, modern, and comfy.  We only stayed for the night so I cannot attest to the quality of other services.  The Check In process was easy and the staff were helpful.My only issue is that when I booked the room I specifically asked if there was shuttle service to LaGuardia and I was told YES.   I'm guessing that I was talking to a central call center instead of the hotel. It seemed to good to be true and it was (but the train station is a very short cab ride away).  I was also told there was a free continental breakfast.  If there was I didn't find it.  There was a rather spendy breakfast buffet cafe, neither of which offered anything free, let alone cheap.",2
7,,10/30/2017,20,2,"San Francisco, CA",James H.,1,1.0,84,"This hotel is for business travelers who have no choice but to stay here due to contracted rates by IBM and airlines. There is zero incentive to provide any customer service and as other reviewers have observed the old carpeting, bathrooms and air/con heat units are all fairly disgusting. The staff is friendly but could care less or is not trained to be able to answer if you ask anything that requires information outside of checking in/out. Forget about logistics help to get to any of the major NY airports from this hotel. Oddly, other than room service, no one answers the phone so we always had to go to the front desk rather than call from the room. Pic is my lovely pillow covet",2
8,,5/21/2018,14,1,"Chicago, IL",Laura K.,0,1.0,55,"This review is specifically regarding the staff...the sheer amount of times I have had to call to get basic information on a previous reservation is ridiculous. Nobody can find a reservation (I eventually called the corporate office who found it just fine), you will be transferred to different departments and then disconnected, and the person who you finally do reach does not know how to use the computer system. I would recommend a District or Regional Manager set up a time to come out to this location to conduct some much-needed training.",
9,1,7/27/2017,216,2,"White Plains, NY",Nicole A.,221,1.0,247,"Horrible. Stay anywhere OTHER than this hotel. The room was disgusting - old carpet and the bathroom was gross. I made my reservation back in April and requested a ""nonsmoking room"" and additional refrigerator given certain medical needs that I had.  I was given a smoking room and no extra refrigerator.  The room also had a funky smell aside from the lingering smoking smell... I assure you it was a different kind of ""stink"" that was disgusting.  I expressed my concerns and dissatisfaction with Melissa from the Hotel who was not receptive. She kept putting me on hold and apologized.  Normally an apology would be acceptable but because I made the reservation 3 months in advance and had to make alternative arrangements to refrigerate my medicine, I expected more than an ""I'm sorry about that.""  Breakfast is a bust. Not worth the $25, you're better off getting a bagel from somewhere else in white plains or going to the dinner that is literally a six minute walk from the Hotel. The pool is disgusting and definitely needs a face lift.  The gym also smells weird - and it wasn't from people sweating. Rowland at the front desk was great and accommodating, Melissa needs to work on her customer service skills. Also they charge you an extra $100 like a security deposit, which you have to wait a week to get back. Definitely not kosher. I've stayed at plenty of Hotels and this is something I've never had to deal with before. I'm calling my credit card company as we speak since this was not disclosed to me when I checked in.",3
10,,9/6/2018,116,,"Salem, NH",Jude L.,6,1.0,8,"I feel taken advantage of! Booked a room here through a third party vendor. We then had to cancel our reservations as our plans changed. We cancelled a week in advance. Somehow, Crown Plaza hit my card for over $700 and refuses to refund it. I cant get any type of resolution with Accounting Manager (Rude) and Hotel General Manager won't even return our calls. They blame third party vendor and the third party vendor blames them. Bottom line is nobody will step up and help us resolve this. Seems like they just want to make it so time consuming and keep shuffling us off from one hotel rep to another. So sad a big Co like CP would do this to us. We had planned to stay here 4 times per year over the next four to five years. This happened fairly recently so I'm still hoping CP will find a way to refund us our very hard earned $700 + for a room we cancelled a week in advance and we never stayed.",1
11,,7/14/2018,0,,"Bronx, NY",Taina R.,0,5.0,5,"Darlena is very helpful and patient. The manager Jacqueline was accommodating with a reservation error I made. She goes above and beyond for the client and listened to my concerns. She was willing to see that I felt satisfied. I'm so grateful they were willing to help me. The service here is incredible, hotel is clean and well kept.  I will be returning.",
12,,5/4/2017,68,,"Seattle, WA",Camille Y.,123,2.0,354,"Our first stay at this hotel. Third visit to NY. Wechecked in and given a room. Got to the room to find the door open and unlocked. Beds were made up, fresh towels, but noticed some guest's shopping bag was on the counter and his/her toiletry bag in the bathroom. Wtf? Requested a different room. Ordered room service. The man was abrupt, could hardly speak English, and hung up the phone without a ""thank you for your order"". Sheesh. Hope the rest of our stay is more pleasant.",1
13,,4/29/2017,63,,"Franklin, TN",Karen L.,363,3.0,352,"Stayed here for a wedding block and had a mediocre experience at this hotel. Flight was delayed so we arrived in the middle of the night (3am). One lady working and soooooo slooooow. Gave us a room that said we requested double beds w/a trundle. Um what? No. Got a king room and finally got to bed half a hour later. Was woken up at 8am by the SUPER LOUD construction next door. Never stopped, lasted all day. The bed was decent, not the best but not the worst. Pet peeve of mine - the shower didn't drain well so it filled up as you showed. So gross. $44 for two nights of valet parking is just silly too, this is not the city. Good part was we could walk to the mall and restaurants.",1
14,,5/9/2018,0,,"Cave Creek, AZ",S. L.,0,5.0,34,"I was a little worried about this hotel based on some reviews I read. I travel a lot for work and tend to stay in Westins if I can. This go 'round, that wasn't an option. I got a room on the Executive level and arrived about 10 minutes before their ""happy hour"" ended. The man who checked me in gave me a wine voucher for the bar since I wasn't likely to make it in time to get a glass.  The room is very nice and the bed comfortable. Breakfast was really good - unusual for a hotel like this. They had a charcuterie as well as scrambled eggs and a mix of hand-mixed flavored cheeses for bagels. The service at the bar, Mix, was bar none! Greg and Collin took care of me, assisting me in choices and giving me a very generous pour on my wine as well as a bit of a price break. They had no idea if I was the highest level of loyalty or my first stay in a Crowne Plaza (it's the latter - at least for the last decade!) When I return to the area, this will be my hotel of choice.",
15,,4/21/2018,75,,"Charleston, WV",Jennifer L.,0,1.0,2,"Was not worth the price,  couldn't sleep due to noise and I was on a quiet floor . Was told that parking was included with room , was not . Ordered breakfast in restaurant and received the wrong items . No attempts were made to remedy any of this .",
16,,4/17/2018,272,,"San Clemente, CA",Susan T.,1,1.0,9,"This is by far the worst hotel I have ever stayed in. Terrible customer service! Lobby is unkept, room windows leaked when it rained. Waitress in bar and restaurant was rude. No hot coffee or water in lobby. When we asked to have a ride to the train station they said no they were busy with business in the area who had contracts. I never asked for my room to be cleaned or anything extra just a ride to the train station and the answer in a rude tone was NO! We are busy! Don't waste your time here. Oh and Captain Obviously was filming a moving and I am sure he would see that's simple ride to the airport for 9 paying customers who had stayed for 5 nights would deserve one single ride to the airport! DO NOT STAY HERE ... Captain Obviously would AGREE!!!",
17,,1/1/2018,0,,"Camarillo, CA",Dano P.,0,4.0,98,"Minor imperfections aside, I was delighted with my stay here. The hotel is walking distance to a vibrant restaurant/bar scene on Mamaroneck Ave and the room was spacious and clean. Will definitely stay here again and hopefully they will update the room decor by then.",2
18,2,4/10/2016,1253,1,"Raleigh, NC",Natasha C.,2676,5.0,492,"Not really the biggest fan of hotel stays, but it's a must with travel. I was in White Plains for an alumni conference and Crowne Plaza was the host hotel. I had a nice room and it was very spacious. The bathroom was nice. It had a great mirror with LED lighting. I'm starting to see that in more hotels these day. I fancy those because it helps with putting on makeup. The thermostat was great. I usually don't even mention this, but I spent quite a bit of time in the room and that week we experience all 4 seasons, so a working thermostat was crucial. Just an FYI, if you've read the reviews and see one by a reviewer mentioning rust stains on the mirror, not true. There is a mirror that appears to have rust stains, but it's obviously a part of the decor. I've seen the hotel photos and other photos from guests and those are clearly a part of the decorating scheme. The staff at the Crowne Plaza was great. Because I spent five days here. I was able to learn names and they also knew mine. They treated everyone with our group like this was home. Everyone was helpful. Amy who worked with our group the entire weekend and during the planning of the convention was excellent. Super professional and never complained despite some of the personalities she encountered. Thanks! Emily, Stevi and Karine and other staff members whose names I dont' recall right off hand went above and beyond to assist me with anything. They were great. All of the event spaces were setup properly, we had the right AV equipment when needed. They have an are with computers, which was great because they had a least four computers setup and a printer, which was helpful throughout the conference. They have a great gym inside with a cardio only side and another for weights. They had a great indoor pool. I only saw people enjoying it. I didn't have time or a swimsuit. I even dined at the hotel restaurant for breakfast the last day. They had a very nice buffet. I'd be remised if I didn't mentioned the shuttle service! They have a shuttle that runs every hour on the hour from the Westchester Airport and they are there like clock work. As soon as I arrived. I was on the shuttle in less than 10 minutes and the same for the departure ride to the airport. Overall, great experience for a person who doesn't really like hotels. This one made me feel at home.",4
19,,1/2/2018,21,,"Pearl River, NY",Tony D.,0,1.0,9,I've left 3 calls for management and still no callback. Absolutely ridiculous.,
20,1,7/14/2015,134,,"Henderson, NV",Aldo F.,166,4.0,58,"Nice, clean hotel with excellent staff. Since I've arrived the hotel staff has been exceptionally kind and friendly, and the room comfortable and very clean. I needed to take a shuttle this morning and had reserved a place yesterday; however, even though I checked with the shuttle driver this morning before she left, she didn't indicate she was going where I needed to nor did she ask my name to see if it was on her list, so she drive away. Ten minutes later I had asked a desk clerk if my shuttle was late and explained what had happened. She immediately went to tell the hotel manager. The manager came out to tell me that that was my shuttle and that they will pay for a cab to take me to where I needed to go. She summoned a cab and gave the driver cash enough to drive me to my destination. I didn't have to ask for Abt type of solution; she stepped up and took care of the situation in a professional and prompt manner, much to my surprise as I had no idea that the shuttle that I watched drive away was the one I was supposed to be on.In the cafe and restaurant, the staff was always on the ball and did an outstanding job. The food I had tonight was great: seared scallops on a bed of puréed parsnip; excellent!If you visit White Plains, NY for any reason, this is a great hotel to stay at. Highly recommended!",1
21,6,8/1/2016,1404,5,"Huntington, NY",Samantha S.,1019,5.0,1149,"This hotel is beautiful. Stayed here for a wedding and had a wonderful experience overall. Immediately upon driving up to the front, I was met with a gentleman from valet. At this point I wasn't ready to valet the vehicle as I was being dropped off by my sister who was taking the car elsewhere. I explained this to the valet and he was still persistent about helping me carry my dress and luggage out of the car and into the hotel. I thought this was a very nice gesture. Walking into the hotel, I was wow-ed. It was big, lots to look at, pretty busy, but I was quickly noticed by one of the several front desk attendants who assisted me with check in very quickly. There are only four elevators here which can take some time if there are a lot of people waiting. The stairs are a great workout let me tell you. You need your room key in the elevator in order to get from floor to floor so don't forget that. The rooms were GREAT. Big, clean, and had cozy furnishings that were pretty unique to this hotel. We had a room with two queen size beds, long vanity, love seat, huge flat screen tv and big bathroom that was able to accommodate three women in front of the mirror getting ready at the same time. Big full length mirror, needed a little bit more lighting in the room though, in my opinion. Mini fridge, little safe, coffee cups, etc. So here's the main reason why this hotel is getting five stars. My entire family was in town for my cousin's wedding Two shuttles were coming to pick up the large groups of people headed to the venue. The second bus was late and our group was going to miss the ceremony. We were in a panic and there were too many of us to pile into cars and we would have had to take several cabs. We had to beg management to use one of their drivers and vehicles to take our large group to the wedding. The company hired to take us to the venue was not affiliated with the hotel so the manager had no obligation to fulfill this request, however she did. She felt for this large group and grabbed one of her drivers, grabbed one of her large hotel shuttles that was only used for airport drops offs and took us all to the venue and we made the ceremony on time. Thank you to this wonderful driver and manager who made this happen. We don't know what we would have done if we missed this ceremony. They have a big bar in the hotel and they serve coffee and breakfast there in the morning. I would definitely recommend this location for people having a wedding in the area or those who want a weeding getaway.",6
22,,2/12/2018,0,,"Los Angeles, CA",Michele O.,5,4.0,16,"Company paid for my stay here. Clean, classic hotel style, perfect for a quick trip. Next to Neiman Marcus and a high end mall. In the morning the coffee bar is open and serves really good breakfast sandwiches for those who are on the go!",
23,,3/19/2017,10,,"Manhattan, NY",Suzanne V.,3,2.0,13,"Severely disappointed with my recent stay here. I work nearby and booked 2 nights because we were expecting a blizzard with 12-18"" inches of snow. I live in Manhattan and knew I wouldn't be able to get to work with the snow. I arrived the 1st night and it was fine. I woke up the next morning and there was snow coming in a small space where the windows slide past each other! So they changed my room and I ordered breakfast. They said it would be 30 min (which I thought was long for cereal, yogurt, berries, toast, and coffee but fine). It hadn't arrived after 40 min so I called down and they said they were just finished. It arrived a few minutes later but without the toast. That was the only thing that needed to be cooked! There was also no hooks to hang your towels in the bathroom. The towels came folded in a black metal bin on the floor. Not satisfied!!",2
24,,6/29/2017,18,,"Papillion, NE",Stanley W.,0,1.0,11,Waited almost an hour to get picked up at Westchester Airport.  Breakfast opened up late.  No scrambled eggs until 25 minutes after opening.  Staff seems to have a bad attitude.,
25,,7/22/2017,37,,"San Rafael, CA",G G.,8,4.0,11,This hotel is centrally located. The rooms were very nice but could use a little repair. Staff was great even and very attentive. And all though they had construction next-door they made an effort to make up for what they could not control outside. I would highly recommend it!,
26,1,5/3/2015,105,,"Chicago, IL",Kathleen C.,46,3.0,1087,"I'm on a current bad luck kick with hotels.  The week before, in another city, I got bumped from two hotels and then the next week, I figured I'd be fine as I've traveled all over the world without any issues.However, things weren't smooth sailing here.  I showed up and even though I had a printout with a confirmed reservation...they didn't seem to have one in the system for me.  Thankfully, there was room, so i had a reservation.  However, the person at the desk didn't give me the information on our company's deal on breakfast, didn't put my frequent rewards number in after being asked twice to ensure it was there and additionally, wrote the wrong number on the sheet with my room number, so I went to a room with someone in it!  When I went back to tell them, I got helped by someone else - who was nicer, but still didn't solve my issues (he gave me breakfast info and the right room number, but he again messed up on frequent rewards number).  The stay was ok.  The rooms aren't very sound proof but they're clean and spacious.  Service was decent - it ranged from very nice to somewhat cranky.  I thought it was kind of expensive for what it was as well.",2
27,,5/7/2017,244,,"White Plains, NY",Melinda H.,46,5.0,9,"My husband and I have started making this our regular go to bar.... we love being able to hear each other talk,  our regular bartender Christian makes some fun cocktails my favorite is the bees knees made with gin instead of vodka.  The food menu is also very well priced for the area and our go to is the sliders with local cheeses.  Brett the manager stops by to check up on us and makes sure we are happy, sometimes he even offers us a sample of the new menu items...",
28,,5/10/2017,7,,"McLean, VA",Carol L.,0,1.0,4,"I left my coat on the chair of one meeting room and it was gone overnight.  People work in meeting room just took it and did not return it to lost and found office. I was told to call back a few hours later, but the front desk made me wait for long and hang me up a few times. It was bad phone service at the front desk. I'm disappointed this hotel staff are not honest as they claim they are.",
29,1,4/4/2016,126,,"Palos Heights, IL",Daniel M.,0,2.0,9,"Wow... I can't believe any business person would ever stay here.   The people at the front desk pretend to be fun and happy and helpful, but they can barely answer any of my questions... And they're fairly conventional normal questions.  And I really can't believe how horrible the Wi-Fi is here... It is so slow, and the people don't know how to make it better.  Seriously, this is not a place for a business person to stay.",2
30,2,10/2/2014,9,,"Brooklyn, NY",Eric C.,29,1.0,94,"At first I couldn't justify slamming this place as the root of my problem seems to be with a lack of communication between hotels.com and the hotel. Since I don't know how that mechanic works it's impossibly for me to say who is to blame. How the hotel handled this however added insult to injury during my adventure last night. When the front desk couldn't find my reservation, for which I had a confirmation email with confirmation number from hotels.com I said ""don't worry I'll go stay a few blocks away at the Ritz and management can sort out the money tomorrow."" Unwilling to loose the business (even though they were ""totally booked"") they insisted for me to wait at the front desk while they sent a janitor around to find empty rooms to clean. After the 4th 15 minute interval I finally met the night manager Lourdes, who insisted that within 15 minutes I would have a room. Being tired and stupid I figured I would wait another 15 minutes. After an hour and a half I was finally given a room! Which they asked me to split with another stranded want-to-be guest with an identical issue even though they had 3 of these ""rooms"" available!The rooms they eventually gave the other stranded guest and me were the living room/kitchen room only section of a suite. There was no bed... Lourdes insisted the couches were quite nice. The awful pull out couch without comforter was lumpy, stabby (I have a bruise from when I rolled onto a spring wire on my ribs), and concave severely towards the center. Incase you're curious, this luxury suite accommodation set me back $313.39 for my 6 hour stay.  I would have complained but I was there to shower and sleep so I could be rested for work in the morning. Luckily my desk chair is far more comfortable than the couch.",6
31,,10/19/2015,1,1,"Boston, MA",Caroline J.,3,1.0,30,"My husband and I stayed here August 2015 in a wedding block. I had read reviews prior to our stay, so I was in no way expecting a 5-star accommodation. However, the hotel failed to live up to even moderate expectations. Following the GPS, it was not immediately apparent where we were going or how to enter the self park garage. Once we finally asked a valet and found our way, the parking situation was fine. The first major drawback we encountered was in entering the hotel from the parking garage. Following the very limited signage in the garage elevator, we exited into what appeared to be a function space because it was PACKED with a large wedding party. We ended up riding the elevator two more times before someone from the wedding finally saw our confusion and told us that yes, in fact we did have to wheel our bags through their reception to get to the lobby. This had to be the most awkward and worst layout I have ever encountered at a hotel. Once we checked in and got up to our room, the accommodations were adequate - king bed, a desk, and one chair with ottoman. It looked like they tried to update the interior somewhat recently, but it still felt very tired inside. The iron was rusted and dropped water. The bathroom was just gross, I guess the ""renovations"" didn't even make it that far.The biggest complaint we had was upon opening the mini fridge to put in a six pack we bought, we found someone's molding leftovers. It was completely disgusting and really made me question the thoroughness of housekeeping if that was allowed to be left for who knows how long. We also had to call three (!) separate times before someone finally came and took care of it for us. The next day we tried to do a few errands and eat before the wedding - an area we thought would be well situated really kind of sucked. On a weekend without waiting for the mall to open, there was really no where to get food close by (aka without removing the car from the parking garage). So, we ended up at Whole Foods, the only open option within walking distance. Entering the mall once it did open also proved to be a challenge - why were there no signs of clear entrances between the hotel and the mall? You would think that would be a main destination for anyone staying here. Overall - the layout, staff, cleanliness and location were all very lacking. I guess the only positive was we didn't pay much for it. Beware, you definitely get what you pay for.",4
32,,11/3/2016,21,,"Sunnyvale, CA",James F.,0,2.0,4,"My wife & I stayed with Crowne Plaza-Downtown White Plains for a week in October of 2016. the room was comfortable & decently appointed but little about the stay was at the level of competency I expect from a Hotel I assume is on the same level as Marriott or Sheraton or Hilton. Our Reservations were made a few months in advance & centered around my 50th High School Reunion whose Committee reserved a block of rooms at this Hotel for attendees. Due to the fact that there was a heavily discounted rate for the 2 nights of Reunion activities, the other 5 nights were reserved on AARP & AAA Discounts & it was specified by me that I wanted all 5 Reservations covering the 7 nights to allow for us to stay in the same room without having to check-out & recheck into a different room each time. I was assured that the Reservations would be ""bundled"" under a file covering all of them, but the Hotel required that there be 5 separate Reservations because of the differing rates. I called a couple of nights before our arrival to confirm our arrival & to check the Reservations. They went through major ""gymnastics"" to find the separate Reservations & to create a file which they again guaranteed I would not have to go through difficulties upon check-in & during our stay, but they told me nobody had actually done this with our files before.Upon arrival at the Hotel the first night of our stay, the desk immediately started having problems locating & corralling our reservations with great difficulty finding a file with all of them together, but they finally found it with my prodding. They then required that I swipe my credit card 5 times to cover the 5 reservations, but guaranteed me they would slip notes under the door at the end of each of the 5 reservations detailing my billings for that individual completed Reservation, but not requiring any action from me to roll right into the next of the 5 Reservations. Wrong! Each of the first 2 Reservations were completed with no maid service until I called at 4PM in the afternoon & was informed,  ""oh, Sir, we were told you checked-out"".    Each of those 2 days, when we came back to our room around 4PM from a day out our room key no longer worked. We had to go to the desk in order to get new keys. 24 hours before our Flight home when we went to the Business Center Computers in the Lobby, we went through major frustration when the Virgin America site would not work in actually printing our Boarding Passes because the system informed us that the Hotel had not updated the Computers with a version of MS-Windows that was current to allow Virgin America software to print out Passes. We had to go the Concierge Desk & have the Concierge use her more updated System to Print our passes. The Concierge, which I consider is a position required at all decent Hotels, at this particular Hotel is the Day Manager of the Hotel, not a dedicated Concierge.On the third day of our Stay, I was meeting acquaintances  at the Bar in the Lobby & my wife felt tired from our day out & wanted to stay in the room for a nap. Across the hall from our room, maintenance workers for the Hotel were working on the Emergency exit door. I got back to the room 2 hours later to my wife telling me that someone claiming to be Hotel Maintenance had knocked on the door 3 times to say they needed to ""check something in the room"". She refused to open the door for them because she suspected it could be one of the Maintenance ""hardhats"" who did not seem to be the kind of people a Hotel would send to a Guest room. I immediately called ""Room Services"" & was told that I had requested someone to check the ""shower door"". I informed them no such request had come from me & that they should be aware our room did not have shower doors but instead a shower curtain. Immediately, the lady on the phone informed me they were obviously knocking on the wrong room door, the service call had come from a room down the Hall.When we arrived at home in California, I immediately realized I had left my 1966 High School Yearbook on the desk in our Hotel Room. I contacted the Hotel & they located the Yearbook in Lost  & Found & told me they had to have me fill-out a ""release form"" for them to ship the Yearbook to me & bill me for the expense through my Credit information which I needed to put on the form & then Fax it to a number printed on the Form. The form we received was simply a ""Authorization to Bill"". No ""release authorization"" wording was on it. I filled it out & faxed it to them & received a Fax Receipt showing delivery to the number the Hotel had provided.  2 weeks later, the yearbook has not arrived, so I emailed them today only to be told in return emails from 2 different people that they could not find my Form & asking me to confirm the Fax number & to send it again.  I informed them I no longer trusted them with my Credit Card information as they were not careful enough with the original & that I would take further steps.",2
33,,12/2/2013,51,1,"Cincinnati, OH",David C.,21,2.0,307,"It's just OK, considering the money you have to shell out for a night here.  There is nothing memorable about this sterile, made-over semi-glam hunk of concrete.  Funky lobby layout, not very welcoming, 3 or 4 ridiculous levels (so ridiculous they have to be ramped) all within about 25 feet of each other, in the middle of the lobby.  Felt like a dizzy stairclimber at the gym every time I came downstairs for a cup of coffee and a (not free) paper.  Fire the architect, I demand it!Staff is ok, but numerous of them have the New York 'tude.  Hint to all you people at Front Desk:  Everyone's special, but you're not THAT special.  Pricing policies: Find something complimentary here other than a cocktail napkin and I'll buy you an eight dollar beer.  Even the Internet is an additional charge if I recall. Want a paper, a visit to their club lounge (sorry, they don't have one here, WTF?!), an apple, a quick free lounge breakfast?  Pull out your wallet.  There is no free anything here, even if you're a Priority Club member.  My colleague told me there's a very nice hotel being built one block away and it will pull a lot of the $200.00 / night crowd away from Crowne Plaza.  Sorry guys, just not impressed with your hotel at the current rates.  Ritz Carlton is just down the street.  Seriously wish I would have paid 80 bucks more out of my own pocket just to say I stayed there.   One advantage is: Morton's, Outback, Cheesecake are literally outside the doors.  Bottom line:  Nonetheless, the new competition soon to be on the block will take Crowne's pricing down a few notches, which would be justified.",9
34,,8/7/2016,71,,"Manhattan, NY",Ashish B.,9,3.0,14,"Stayed here for two nights during the bar exam.Room itself was decent (beyond a loud A/C with a sleep-preventing oscillating noise pattern), but:(1) The hotel Wi-Fi is atrociously poor- it's functionally useless. In all seriousness, a 9600 kbps dial-up modem would be more usable (even the Google homepage takes ages to load, and even on the few occasions when a page will load and you think you're in the 21st century, boom- you'll be back to the 80s).The only way I was able to do my last-minute bar studying is by tethering my laptop to my cell internet. The Crowne Plaza offers ""premium"" Wi-Fi service levels, but I was not going to trust them (the free tier struggles to load Google, so maybe premium will upgrade that to struggling with Wikipedia?).(2) Don't eat at the restaurant. Made the mistake of having breakfast there. Did a la carte, and got a mediocre omelet with the most tasteless bread and (possibly stale?) butter I've tasted in a long time - not worth the price. Service is poor (took half an hour for the first item to arrive, and needed to get up and chase around waiters to get basic things like milk for my tea), and the buffet option is definitely not worth $22 a head.(3) The hotel doesn't allow delivery people to come upstairs, so you can't get food delivery (or any other delivery) to your room. Guess they're trying to boost their room service business...",2
35,,11/23/2014,159,,"Spring, TX",Dan F.,571,4.0,405,Great location with a mall and Whole Foods across the street. I went to the Cheesecake Factory and had some beers and watch NYGiants game. The hotel was very clean and staff was friendly. I presented in the hotel and audio and video was very good. I'd definitely go back to this hotel.,
36,1,2/13/2015,60,1,"Brookline, MA",Greg P.,0,3.0,256,"Three is the magic number...The Crowne Plaza White Plains is exactly a 3-star type of place.  They do nothing particularly well and also nothing poorly.  Just middle of the road.  They're undergoing a bit of renovation which made check-in and navigation of the lobby just a little bit more cumbersome.  The room was warm, spacious, and adequate.  Not the lap of luxury, but I was not expecting it.  The bed was soft and large with fluffy pillows.  It got the job done.  The free WiFi was a bit slow making it hard to get much work done.  That said, the word free has some important implications here.The fitness area was small and limited.  Split between two rooms, there were some dated cardio machines that worked fine in one.Overall, my stay was fine.  Fine as in 3 stars.",1
37,,5/7/2016,0,,"Bloomington, IN",S C R.,11,2.0,42,This hotel has a few folks who can not speak English and more important do not have good customer service attitudes. The issue is I asked a simple question of where and who delivers food to hotel and I got I do not know from the hotel services on the phone. Then when I asked more detailed questions trying to get info I was told that she has to look at list. But she first said she was reading from list. She never called back and so over 20 mins has gone by with no detailed information. At this time manager of hotel still has not returned request to talk. It has been over 30 minsThis hotel has lost its business class aspect that I once loved. I have decided that there are better hotels around that have English speaking and understanding employees as well as a list of recommendation food shops near by available to clients.Be advise to all customers that if you need anything it may or may not happen. I give 2 stars because of items stated above.,1
38,,4/29/2015,115,1,"Dallas, TX",Margaux H.,437,3.0,124,"Located in the heart of downtown White Plains, walking distance to many restaurants.  One negative air conditioning/ hearing unit very noisy.",
39,,7/8/2014,263,1,"Philadelphia, PA",Cat P.,57,2.0,476,"I've never stayed at a Crowne Plaza before, but I unfortunately was not very impressed.1. The elevators here were a pain in the rear end.  You had to swipe your key card every damn time you wanted to use it.  Part of me appreciated the added security, but exactly how many serial killers are in White Plains, Crowne Plaza?  Ease up on the elevator access.2. No free wifi.3. Shower had mildew in it.4. No guest info book was in our room, so we literally had to call the front desk for every damn thing - from check out time to pool hours.Perhaps I'm being picky, but I was hoping for better given the price tag.  I may think twice before booking at another Crowne Plaza hotel.",7
40,,6/16/2016,58,,"Watsonville, CA",Jocelyn M.,9,4.0,54,"I can count on this place. The service is nice. The bar/cafe is friendly and easy for a single woman to have meals there. I ate there often and loved all the meals. I felt like they were fairly priced and novel and tasty. Everything is clean and pleasant. It's not fancy and trendy, but you can count on it. That said, the walls were a bit thin. I could hear more than I wanted to from the hall and other rooms. But it wasn't impossible. The beds and pillows are great. The bathtub is good and the room has a nice desk, side lights on the beds, good outlets and nice lobby. The gift store has what you want and the service is, again, very nice. I've stayed here three times and I love running next door to the high end shopping mall with all the nice services, shops and restaurants.",
41,,11/1/2015,0,,"Everett, MA",vida k.,1,1.0,3,"Wow, hard to express how dissatisfied this experience was! The room smelled so bad and we could not open the window so I called the front desk to let them know we can't stay here. They sent 2 people to take us to a different room and as soon as we opened the door to the other room the smell was there. I asked the two employees to come in and smell so they don't think we are being too sensitive. They walked in made a face and said yes we can smell it. We went back to the front desk where the manager told us they can't cancel the reservation and we still have to pay for the dirty smelly room. We left anyway since I would never stay there! I don't know if it's only this hotel that's kept poorly or all of them but j will not find out since I would never stay at another crown plaza! Don't waste your money go somewhere else!!!!",2
42,,8/17/2017,0,,"Beaverton, OR",Sherilyn L.,0,4.0,3,"i don't know what Nicole found sooo horrible. she must be very particular. i was there 8/10-12/17. barley a month after her.  i almost didn't book the hotel because of her review, but it really was the best location and price for me so i took a chance. LOVED the place. i spent 2 nights there and the bar/restaurant/food was a great part of my stay. having an inviting lobby and place to socialize with my visiting friends or strangers is a great asset.  the room was awesome...the art on the walls was some of the best i've ever seen. clean, comfortable, and i liked having the chair and footstool to sit in to eat instead of just the bed.  oh and my mattress was perfect. also a great array of pillows from soft to very hard. no funky smells here",
43,,8/6/2015,0,,"St Paul, MN",H. M.,0,4.0,3,"A 4-star hotel with no rooms that have 2 queen beds (so they tell us). They hardly answer their guest services phone, and when they do they're quick to transfer you to someone else with a dead end. When my wife asked the front desk clerk, 'why so curt?', he matter of factly told her 'people from NYC are temperamental'. Ironically, we're not from NYC and found the people in NYC more accommodating. Rooms are smaller than your average 3-star hotel and of average appearance.  They have mirrors hanging above the desks that are supposed to be artistically spotted, but seem more dirty than artistic due to the appearance of the rest of the place. Called the GM, Steve G, early this morning and left him a message, and yet have to hear from him, and it's past 4 PM in the evening. I'm still around if you still wish to answer my call.UPDATE: Although our experience with this hotel started out not well, after Ellen got involved, things changed dramatically, and for the better. It's quite remarkable how one person who cares genuinely enough to make a difference can change one's experience. Thank you Ellen!  Keep doing what you do because you're good at what you do and it shows.",1
44,1,5/26/2014,4,,"Pasadena, CA",Tricia T.,137,5.0,100,"We were here on a business trip for two weeks. Great location convenient to mall, train station,  and grocery store ( wholefood). The staff is helpful and friendly.  Room very comfy.  Definitely recommend for business and leisure travel",
45,,1/26/2015,31,,"Philadelphia, PA",John O.,2,2.0,4,"Not a happy camper. I have a young family (1 and 4 year olds) and I was unprepared for the lack of accompaniment I am used to at hotels with much lower rates (e.g.  Hampton Inn, HGI, Marriott Res. Inn, etc. ). No microwave. No bathtub. Very few suites. Made our stay very UNCOMFORTABLE. As if staying in a hotel with little ones isn't challenging enough, this place made it much worse. Also the call center with whom I made the reservation made it sound like I was getting a suite room but in fact I was just put on the executive level with access to the lounge...great. I can take the kids to the lounge to hang out with the business men and women drinking free booze and eating chips for dinner.  If you are looking for a place to stay with the kids in White Plains...look somewhere else!",4
46,1,"1/14/2013
            





Updated review",67,1,"Harmony, FL",Greg M.,39,1.0,218,"IF YOU HAVE STATUS with Priority Club, READ AND HEED!  The below if straight from the Hotel Desk Front Manager Jacqueline Del Salto. (2/20/13)After staying here 11 weeks, they change policy.This hotel NOW does not offer any amenities to those with Priority Club Status.  NONE - No breakfast, no club access, no paper at the door.  If you want it, you have to pay an up-charge room price.  They have moved to a discount airline model, those that pay get the extras, not those that are loyal to a brand.  Well go ahead and take that extra $20 from the people that come a few nights a year, I'll take my 100 plus nights and stay elsewhere where loyalty is appreciated and rewarded.Renovation is going strong (Feb 2013), but it's just new paint on an old building.  Toilets still leak/run, AC/Heaters still don't work properly, 3 weeks in a row my refrige was not cold.  They renovated, but just with the look/feel of the place, not the build of the property.The lone bright spot is the concierge of the property (Emily G.), my hope is that she will move to somewhere where the TEAM is as committed as she is to hospitality.  She can only do so much and seems frustrated at the rest of the staff.",4
47,,2/6/2013,11,,"Alameda, CA",Gordon B.,10,3.0,53,"Been staying here for a few weeks while in town for work.  The renovations should be completed in March which will be nice as it's no fun staying in a construction zone.The new rooms are much better - no more 20"" Zenith! :)  Fixtures and furniture are modern and clean.  New products (shampoo, conditioner, etc.) are a welcome upgrade from the previous ones.  Only issue is that there's no outlets next to the bed (or on the bedside lamps).  WTF?My biggest issue with the Crowne - worthy of a full star deduction - is the horrible Internet service.  It's 2013, we all have 10+MBps at home, and this hotel is clearly slumming it on a sluggish connection.  Don't even both trying to video chat most nights.The high point is clearly the staff.  Everyone I've interacted with here at the Crowne has displayed exemplary customer service.  5-stars for the front desk team for doing such a great job during the renovations.If you've got business in downtown White Plains the Crowne is a good option.  Walking distance to plenty of restaurants and bars.",3
48,,10/1/2016,0,,"Yonkers, NY",Cynthia S.,4,3.0,25,"The hotel lobby is really nice and the rooms are clean. The staff were pleasant but for some reason there was a lack of communication between the person who I arranged the rooms with and the front desk . I booked a room for my nephew for his wedding night and one for my husband and I....without too much detail the room for my nephew was not as promised , the billing was completely wrong and the experience was not a good one .  If you are staying at the hotel for a special occasion just be aware .",
49,,8/9/2015,18,,"Pleasantville, NY",Rob N.,0,3.0,16,"The room was fine with one major exception.  When we checked in the AC was off when I went to turn it on I noticed that it was leaking and the carpet in front of the unit was soaked.  I called housekeeping and was told that someone would be up to look at it shortly.  Well I've checked out now, the puddle continues to grow and no one has checked the unit.",
50,1,5/14/2013,199,,"Conifer, CO",Chris E.,35,4.0,530,Renovated rooms are quiet & comfortable. I don't like A/C/heater wall mounted but that's all there is. Room service is fast & tasty. Shuttle service to my client was a breeze.Convenient. Fair prices. I'd stay again.,1
51,,8/28/2016,61,,"Milford, NH",Kerry V.,4,5.0,9,"I recently stayed one night with my Mother who walks with a walker. From the moment we stepped out of the car the customer service was amazing. Staff assisted her in the door. The front desk was more than pleasant and offered us a glass of champagne, place us in a room close to the elevator and even helped us on the elevator. Once in our clean large room, we noticed it sounded like water was running, but could not locate it. We thought maybe the room next door was taking a shower, but the noise continue for quite sometime. We called the front desk  out of concern there may be a big water leak somewhere. They were quick to solve the problem. They located the problem in the room above. That evening they called to see if we're still happy with our accommodation. Lunch in the hotel was delicious, the wait staff was more than accommodating. The next day prior to checking out there was a knock at the door. It was the facility manager apologizing for the problem the day prior and gave us an adorable chocolate for our troubles. (Which was never a bother to us). I stay at alot of hotels, and this one was top notch in customer service! Great job to all the staff!",
52,,1/20/2016,0,,"Richton Park, IL",Justin C.,4,1.0,37,"When you stay at a hotel on business, you rely heavily on Internet. For one simple reason: to get work done when you're not at the office. That's been impossible all this week at this hotel. When you're paying $200 for a room, and can't even provide a decent internet connection, you have a recipe for one thing: a lost long term customer. Simple as that. Everywhere else: avoid the restaurant at night. Food is ok, service was deplorable. Restaurant during the morning was much better- for both food and service. Rooms weren't bad. Pool is tiny (if you call it a pool).",2
53,,3/24/2015,7,,"Boca Raton, FL",Sandy M.,7,2.0,31,"I was a little upset to find out that there is no water in the rooms. We went out looking for a machine and that was broken . I was under the impression that when they take your credit card for incidental, there is usually something in the refrigerator...My husband had to go out to the lobby to get water from a pitcher they had down stairs. Rooms are clean but I got the impression we're in a motel instead of a hotel. If I have to say anything positive, the staff here are very nice.",1
54,,5/23/2015,0,,"Sacramento, CA",Foodie F.,46,5.0,37,"Great front desk and staff. I believe his name was Sean or Shawn at the front desk was very professional and helpful. He went out of his way to help me with the cab he called for me. i left my stroller in the cabs trunk so I contacted the front desk and he went above and beyond and got me my stroller back. He followed up with me and was amazing. i wish i could have thanked him in person but ran out of time. the other staff were helpful too by calling cabs for me and helping me find food, banks, and train station. Mark the Bell man (please forgive me if that is not his job title) was super nice nice nice. He was professional and answered our 50 million questions we had about NY. The young columbian lady in the gift shop was nice as well. The room was a dble bed occupancy with enough space for 4 people. AC worked great, room appeared clean, and had flat screen tv. bathroom was big enough for two people getting ready. The sink plug was broken so sink filled ( not a deal breaker) was to busy to call for help. towels were decent and bed sheets and mattress was comfortable. Last day i asked housekeeper for extra towels and she responds (I thought you were checking out) im like yes i am but we shower 2 times a day and we are a party of four. i just felt like i should not have been questioned about towels. i could have given four stars only but maybe she was having a rough morning as we all do. overall all hotel was great with amazing front desk, bell help, and shuttle driver were super friendly. As for the housekeeper I would have said you were friendly but that comment rubbed me the wrong way. its towels not a free margarita i was asking for. geez! anyways i will stay again. i paid between $170-$190 a night thru Expedia. Price is not bad considering other places ...close to grand central train station wanted $300+ a night. by the way breakfast was so so. i had the american breakfast with cold potatoes and the eggs were blah. my recommendation is stay here its close to good places to eat and shop. $7 cab ride from hotel to train station, hotel to Walmart , and hotel to mall. You could take one train from white plains and get off at grand central and explorer Manhattan.",
55,,3/23/2016,0,,"Boston, MA",Chris E.,0,2.0,3,"The hotel is fine.  The room is comfortable and amenities are sufficient.  I'm a frequent business traveler and stay in this hotel chain often.  My review for the hotel is closer to 4 stars but the review for the bar/restaurant is a 0 star.  I've been here many times and the bar area is normally fine with competent people but it has been a while since I've been blatantly treated by a bartender as abrasively as I have for no reason.  I don't complain but it was bad enough to review.  I'm a typically business traveler and have seen it all.  After being ignored a long time, I was given attitude for asking menu after 40 min of sitting at a small bar.  The glass of wine I was given (after finally ordering) was a random glass of wine from earlier in the night which was just sitting there after a mistake pour.  I asked for a fresh glass but was told to deal with it.  Fine, ill take it.  Now my food - the kitchen messed up an order and the bartender's response was ""im going home...i'm not dealing with this shit"" when I asked what happened.   I was completely fine with the mishap as it was a minor adjustment but I simply asked what happened.  The 2 bartenders and cook went back to the kitchen argue after things got inappropriate.   I'll be back at the hotel for work but not the bar.",1
56,1,9/23/2014,5000,1,"White Plains, NY",Sadri B.,478,5.0,2243,"This is a Review I wrote September 22. 2005 Which for some reason or reasons was never posted.I remember the date cause it was my Birthday.and I just finally moved to White plains. I had been at The Crown Plaza many times for Weddings,Parties,SWEET SIXTEEN ETC.,but I never stayed at the hotel,so I decidedBeing that my condo that I just moved in to was freshly painted and the the floors were waxed and polish,I couldn't take the smell so I said what the heck I will spend a night at the Crown Plaza.While i was putting away my birthdays cards that I keep , I was looking at old cards I stumbled on a piece of paper of the review I wrote. I remember cause it was the first review I ever wrote and the only one I ever wrote on paper, so here it is Word for Word 9 years to the day September 22 2005. I just moved to White Plains finally and my place is not ready so I booked a night at the Crown Plaza Hotel. I have been here a bunch of times for different events,but this is the first time as a stay guest. When you walk in you are greeted by slideing  doors.The lobby is big and bright,clean also,With a bar and restaurant and lounge area.The front desk is big and neat, the staff are very professional and nice.when I got my room I was given a room upgrade as a thank you for being a first time guest.My room was a Large executive suite,Very nice and comfy.You can order room service 24 7 if you like,  not to expensive. Bed was super soft and bathroom had a Jacuzzi, Wow I should live here(only kidding).I notice a lot of tourist staying here,maybe cheaper option then NYC, but close enough by car or train.Free parking in the garage a plus.Overall a nice place to stay when in Town. From decor and cleanliness to Professional staff, if staying at The Crown Plaza in White Plains is an option it's a good one to take .P.S it's my Birthday gift to Me,.",2
57,,7/14/2015,331,,"Las Vegas, NV",Sara B.,0,5.0,2,"Went here for a conference and had an amazing experience. Everyone was helpful, courteous, and accommodated the large party I was with. They were able to shuttle us to and from the airport as well as shuttling us to the train station. Special shout outs to Shawn, Mark, Emily, Jacqueline, and Dorthy. They all really made our stay a wonderful experience and if I am ever to travel there again, I will be sure to stay here!",
58,,5/8/2014,0,,"Livingston, NJ",Shco A.,0,1.0,11,"I had a bed bug encounter during a three night stay for work here. I was bitten numerous times over time, but didn't know what they were from and why I was so itchy. They grew into huge welts. I luckily caught and trapped a bed bug that I found crawling toward me on my bed at night. When I notified management, I was treated as if I was lying about it!!?! Even with the bug and the bites to show them. The treatment from management was bizarrely unprofessional and very unsettling. Before having this negative and scarring experience, I will say I thought the new rooms were nice and comfortable. Now they just need to replace the management staff!! What a terrible experience!!",7
59,,6/14/2012,26,,"Chesapeake, VA",Marie R.,227,4.0,283,"I'm not sure why this hotel received such low-avg ratings.  As far as I'm concerned for the money, the hotel was good.  The bed was large, CLEAN, the room overall was clean and our amenities were replenished daily as we used them.  Washcloths and towels were always replenished and our room was cleaned daily.  The furniture was a bit outdated and there was an older television, but I don't really care about that.  We stayed for 2 days.  The restaurant is um...well it's not all that great.  The price to me is high, but of course you're in the hotel, in NY at that so of course you should expect to pay somewhat high prices.  I think it is ridiculous to charge additional for wi-fi though, so I knocked off a star for that.  Parking is $12 a day.  Check in/out was smooth and the staff all around is very friendly, no complaints there.  If needed, we would probably stay again.",2
60,,2/23/2013,249,2,"Sacramento, CA",Jessica W.,219,5.0,338,"We stayed three nights at the Crowne Plaza for Pace's National Environmental Moot Court Competition.  The staff were polite and even changed us from a king-bed room to one with double beds, even after all the double rooms in our reserved block were full.We were the first ones to stay in the room after the remodel and it was lovely and comfortable.  They even provided us with free toothpaste and shaving cream when people in our party forget the items.  The gym was a bit cramped (four treadmills, two ellipticals, and an exercise bike) and the pool lacked a hot tub (despite the whirlpool listed on the website), but it all functioned well enough to allow us to turn our competition stress into productive hours of exercise.It's a busy place.  During the few days we were there, the hotel also hosted participants in a child's beauty pageant and a navy ball, making people-watching at the bar even more entertaining than usual.",
61,,11/20/2012,115,,"Ossining, NY",Amanda Z.,128,2.0,246,"Stayed here for two nights when I lost power after Hurricane Sandy. Hotel was ok. Room service food was disappointing and meager but surprisingly affordable. Gym was tiny but adequately equipped. The place was booked solid; packed and filled with displaced patrons. The TV was strange - terrible reception but that may have been the storm's doing. After staying here for 2 nights I looked up  the hotel on Trip Advisor and saw a review from a few days prior that mentioned bed bugs and showed a picture of the guest's foot on the bed. Her foot was covered in bed bug bites. I was terrified! I *think* I managed to walk away unscathed. I spent the next three nights back at my home and without power and it was much better than staying at the hotel. I spent the following week consumed by fears that I had stayed in a bed bug infested room, but so far so good and I am so grateful for that.",1
62,,9/7/2014,105,1,"Plattsburgh, NY",D C.,32,1.0,20,"So we check into the Crown Plaza go to our room and proceed to open my laptop and get some work done via a skype conference. I find out I have to PAY for the internet! What? After being unable to connect from my room we pack it in for the night. Waking up we go downstairs and realize for almost $160/ night we can't even get a freaking muffin and a cup of coffee. You have to pay an outrageous price for a damn breakfast. Seriously. Even thought the workstations downstairs are connected, who can work with a bunch of unattended kids hanging on the banisters and screaming at each other when they aren't standing directly behind you reading what you are doing.",1
63,,9/7/2014,0,1,"Boynton Beach, FL",John W.,0,2.0,19,"Pros, the bed was very comfortable.Cons, No free internet service , no free parking , over priced breakfast, and who ever picked out the carped color must have vision problems.We stayed here three nights , total $500. you would figure if mcdonalds could  afford to offer free wi fy in all their stores a top class hotel could do the same . no so here , its $10 for up to 6 mb. ( classic case of corp nickle and dime ) I parked across the street in the public parking for $11 a day . a bargain for white plains. the hotel parking was up to $20 I was told. ""go figure .""overall , an over priced , no frills hotel . that has a mixed up businesss plan .",1
64,,1/18/2017,67,,"Newburgh, NY",L A.,0,1.0,2,Terrible!!! Thin walls and bed bugs! Extremely rude staff and if you plan on having 3 or 4 people in a room on a Saturday night be careful! Me and my friends got 3 noise complaints BEFORE 10 on a Saturday night while getting ready. Staff rudely came to our door to let us know someone had complained. The first time we turned our music very low because it was kind of loud so that was fine. Then we're talking and still getting ready and again it's only 9:30 now a different staff member comes with another complaint and when we said we were going out soon he rudely told us that if we're going to go then GO!!!! Then the third time they came I answered the door and another staff member asked if we were having a party so I opened the door all the way and nicely said NO we are getting ready to go out for my friends birthday and we are ALL staying in this room is there a problem?! We are leaving in 5 mins! It was honestly ridiculous because at this point anything we said in our room was apparently too loud. It's a Saturday night and this is all before 10 so kind of annoying. Then to make things worse me and my friends all had bites on us from bed bugs. (Have pictures for proof) So it may seem nice but that to me is disgusting and dirty!! Clean up a little better and maybe your walls shouldn't be so thin!,
65,,6/19/2014,125,1,"Red Bank, NJ",Citizen Cliff G.,0,3.0,118,"While it's a lovely hotel -- great rooms, comfy bed, the customer service needs work. I booked 8 guests for event I was hosting and multiple problems arose and there were billing mishaps -- perhaps an new computer system. All said -- the manager to fix my problems several days later and totally made up for the inconveniences. I'm sure they'll figure out their problems but here's my observation: I should've known something was wrong when we arrived and the entire staff was wearing white T-shirts. The last time I saw customer service people under-dressed like that was when I stopped into a Washington Mutual in 2004 in NJ to inquire about opening an account. Everyone was dressed in royal blue polo shirts like at Best Buy. I turned to walk out and one of the bank people asked why I was leaving. ""You're not dressed to be serious enough to handle my money,"" I said as I left. They were out of business several years later.When I go to a hotel, I want to see the staff dressed like they're there to take care of business -- not like they're on vacation.",1
66,,2/22/2015,1,,"White Plains, NY",Sal S.,29,2.0,21,This hotel staff is super nice. I stayed here one night and wanted out as soon as I saw the room. The room wasn't clean (hair in the sink and bathroom) There was debris on floor. The bed looked freshly changed so I passed out woke up and got out of there. The rooms are a little outdated but I had a nice view. A little expensive for what you get.,
67,,9/18/2015,10,,"Burbank, CA",Martha T.,0,1.0,29,"Hotel is OK,  clean but no big amenities.   Came for business trip.  They have complimentary shuttle to airport and other areas but could not take me to the train station 3 blocks away.   Makes no sense!",1
68,,10/6/2015,80,,"Queens, NY",Emma F.,5,5.0,41,"I was booked here for a job interview and had a very pleasant stay. For a Wednesday night it was pretty busy, but it seemed to be mostly business people staying there. I had to wait a little to check in, but mostly because so many other people were being demanding about something or another. I wasn't in a rush so I sat back and got great service for treating the staff with some respect. My room was nice and clean when I got there and I slept very well. Room service was prompt and everything was as I had ordered it. I had breakfast with my interviewer the next morning, and that staff was also very attentive and the breakfast was DELICIOUS. I highly recommend the ham and asparagus frittata. It was a short stay but all of my needs were met and my expectations exceeded. I had hoped to have more time to walk around the mall, I looked it up online and it looked like there was some good shopping, but fingers crossed I get the job and will be moving there! Also, if you aren't a member of the IHG Rewards Club (Holiday Inn, InterContinental, etc.) join at the front desk and you get two free drink tickets.",
69,1,4/20/2014,0,,"White Plains, NY",Miranda S.,1,5.0,9,"My husband and I recently reserved a block of rooms at the White Plains Crowne Plaza for our March, 2014 wedding.  From top to bottom, we could not be happier!  We worked with Miguelina and Deana, who expertly guided us through the entire process.  The hotel is newly renovated and is beautiful and elegant.  The guest rooms are comfortable and offer all the amenities.  The location is fantastic--easy access to the train station and located right near countless downtown restaurants and bars.  It also offers a free shuttle to and from Westchester airport, which many of our guests used.  We got married in New Rochelle, and the White Plains location was perfect for us.   We were given an excellent price on our block of rooms, which made staying at the Crowne Plaza an easy choice for our guests.  Once our block was reserved, we were given a website link for our guests to easily make their reservations online (they were also able to book over the phone).  We were given access to a tracking website where we could see which guests had booked and how many rooms had been reserved.  The process was very easy for us and our guests (we ended up booking almost 120 rooms).  The Crowne Plaza also offers rewards as you book more and more guest rooms.  My husband and I stayed in the Executive suite, which was spectacular.  The living room was large enough for myself and 10 other girls to have hair and makeup done on the morning of my wedding.  On our wedding night, my husband arranged for a romantic welcome of rose petals, champagne, and chocolate covered strawberries.  Working with the staff at the Crowne Plaza was a joy, and we had an absolutely wonderful wedding weekend.   The hotel itself is elegant and comfortable and the staff are friendly, helpful and professional.  The Crowne Plaza has my absolute highest recommendation!",
70,,7/20/2014,1,,"White Plains, NY",Udit B.,0,4.0,1,"The location of the place is very good with westchester mall and whole food grocery just a few walks away. you will find a lot of restaurants, pubs as well within a few mile. The Hotel is specially good if u are on a business trip as it provides shuttle service for both pick up and drop. rooms are of good size and service in general is good, although sometimes I had to follow up to get things done",
71,1,10/9/2011,1,,"Los Angeles, CA",Athenart H.,6,4.0,71,"This review is for the BAR ONLY.This hotel is so-so (great beds but outdated rooms/hallways, weak shower, etc.), but it has a surprisingly cool bar with very hip appetizers. I highly recommend checking it out!",1
72,,1/31/2015,0,,"Bronx, NY",Jason R.,1,1.0,27,It's bad enough that guests have to pay $12 for parking....but it's disgraceful to charge every time you come and go. It makes you a prisoner. If you leave for dinner or appointment....you must pay again. DISGRACEFUL!!!,2
73,1,12/30/2010,25,,"Frisco, TX",Steve G.,1,4.0,27,"I stay here frequently. I was very impressed with my last visit to their lobby bar. These buys actually know about the (almost) lost art of mixed drinks, i.e. pre-prohibition cocktails. Such as an old-fashioned without a mess of mashed fruit. The rooms are a bit dated, but comfortable. Staff is pleasant and helpful.",2
74,,9/22/2012,0,,"Alexandria, VA",Melane R.,0,1.0,10,"DO NOT USE THIS HOTEL FOR YOUR WEDDING, WEDDING GUESTS OR WEDDING PARTY, EVER!Initially the customer service was good (from the sales staff).  However, once we signed the contract and were handed off to event planning staff (not sales) service deteriorated at an alarming rate.    I wanted to see the hotel, discuss having the rehearsal dinner, see our potential suite and discuss details regarding the guests rooms.  My E-mails were not returned until I contacted the sales department and complained.  I received a response from Events but the service never improved.  When I visited the hotel I was told there were no Executive Suites available but that I could book a Jr. Suite.  However, no Jr. Suites were available to see at that time.  When I checked in and entered the Jr. Suite I was extremely disappointed at its size and layout.  It was a regular sized room that had an adjoining door to a room that was apparently too small to use as anything other than a closet so they put in a bed and coffee table and called it a Jr. Suite.  Unacceptable.  If I had seen the room, a floor plan or told about it's size I would NEVER have agreed to pay that price for it.  During this same meeting I inquired about having the rehearsal dinner or next day brunch I was handed photocopies of the menu without any explanations, my questions were cut off and they never followed up or expressed any interest in facilitating my request.    Needless to say, the rehearsal dinner was somewhere else.When inquiring about a hotel shuttle bus service to deliver guests to the reception my husband received a different answer each time he asked. After asking three times to three different people he decided the guests would be able to take taxis since the reception was less than 2 miles away.  However, the night of the wedding guests were able to catch a shuttle to the reception.  Unfortunately, the shuttle took them to the wrong location.  This delayed the guests including those that were needed earlier for photos like the Maid of Honor and the Mother of the Bride.When I checked in prior t the wedding the receptionist at the desk was rude.  We were on line to check in and were told to go to another line.  When we went to that line the receptionist there told us to go back to where we had just be redirected from.  When we explained we were told to go to her by her colleague she said, ""Just go stand over there"".  We went back but then ended up with her again.  She was even more rude and impolite than before.One of our guests (who had made reservations weeks prior) was contacted by the hotel and  told the hotel had overbooked and they could recommend him somewhere 10 miles away.  Fortunately, he contacted the management directly and he was able to stay at the hotel.  This made us worry about the rest of our guests reservations, something you shouldn't have to worry about days before the wedding.Over the course of these events we complained twice including to the G.M.  The G.M. did not respond directly but designated his assistant to contact us.  She was very apologetic but did not offer any compensation whatsoever.  In my opinion, breakfast coupons, free internet, comped suite or reserved hotel shuttle service would have been a nice gesture.I would not recommend this hotel for any event where you would like to have a professional, competent and courteous service experience.",3
75,,8/13/2012,0,,"Tampa, FL",Phil S.,0,2.0,6,"Unfortunately my company books me here because of the rate but for me I would not stay here, ever. The TV is an old tube type and the picture quality is very poor. The channel selection is very limited just ten channels. The pillows are of one type, big and firm.",3
76,,9/10/2012,78,1,"Medford, NY",Susan Y.,4,3.0,226,"I have been coming to this hotel for many years because of different events my daughter has participated in.   I really do not have too many complaints.  WI FI should be free, you should not have to pay for it, but  I find that most hotels near NYC charge for this, while outside of the area does not.  Their cleaning staff was exceptional, and they folded my daughter's clothing.  She is a messy teen and we certainly did not expect that!!  We do not eat in the hotel's restaurant anymore, as they are overpriced (charging $3 for a tiny bottle of soda).  McDonald's, Subway, a sushi bar and a steak house are across the street.  There is also a mall across the street with a food court , PF changs and a Cheesecake Factory.  The mall has some very upscale, overpriced stores, but my daughter was thrilled they finally added a place to get ice cream, as you never were able to get ice cream before in this 'snobby mall' as my daughter puts it.  More sushi bars in the food court, something my daughter is a huge fan of!!",2
77,1,11/7/2012,23,,"Chicago, IL",Kristal S.,0,5.0,1,"Above and beyond service!During a recent trip to White Plains, I was caught in a snow storm at the Crown Plaza hotel and found myself stranded, unable to find a cab and make it to an important business event. I spoke with Emily G. at Crown Plaza's concierge's desk who was patient, understanding and committed to helping me get where I needed to be. After calling several local taxis and shuttles, she took it upon herself to help and personally take me where I needed to go. She went above and beyond what she needed to do to provide me with the highest quality of service. This speaks volumes to the quality of service available at the Crown Plaza and I look forward to staying at the hotel during all of my future visits to White Plains. Love to Emily G!",1
78,,5/21/2012,1,,"Miami, FL",Turbo Smurf X.,0,2.0,83,"I have never stayed in a Crowne Plaza before so to me this was just another chain hotel.  I will go through the process.  You walk into a less than impressive entry way and the front desk is just plan old desk.  Check in person was pleasant enough.  Did not offer anything, did not volunteer anything, did not say anything unpleasant, but can't say I felt like I was really welcomed.  Porter asked if we needed help with bags, which too often is ignored.  Got to room floor and the halls were worn. Found room and it was standard double bed room.  Furniture was a little beat up.  TV was from the 80's. NO HD. NO FLAT SCREEN TV.  Fancy clock radio, but a TV that was from last century, come on man.Beds were very comfortable, pillows were very comfortable. Room was clean.  Shower water was not forceful, but that seems to be standard in this go green and save water era (not complaining).Went to the gym in the morning and had a nice treadmill work out.  Tried concierge service.  Concierge could only direct us to chain bakeries in the adjacent malls.  Concierge was clueless, more on this later.  All I wanted was some fresh breakfast baked goods (you know crosissant or muffin or something) not from chain (like Panera or Au Bon Pain) and Concierge could not put one in play.  As it turns out, all you had to do was head up Maple Ave, turn right on Mamorneck and you would run into a bunch of places, italian shops etc.  Duh.Room was cleaned early, which was nice.Now back to the Concierge. They do not have cabs standing around in front of hotel.  You need to go to the transportation desk.  But before I did, I went to the Concierge to get a price estimate on cab fair for my ride.  She actually called the cab company got a price and it all seemed good.  So went over to transportation desk, where the guy had problems making a call. He eventually got it together and got us a cab which took about 5 minutes.   Cab driver had no idea where he was going.  Had to call and get directions, location was on Marmaroneck Road straight shot from hotel and 8 minutes away.  Cab driver tried to charge us double what Concierge was quoted. Not Cool. Not Cool.Check out the next a.m.  Internet charge, even though when I logged off right away upon realizing that they were charging for internet.  Come On.  Charging for WIFI and internet.  That is so 90's.  and CHEAP.Gonna give it 2 stars, because Meh, I've experienced better.",2
79,,5/19/2013,5,,"New City, NY",Alice S.,0,5.0,30,"We used the Crown Plaza for guests that were attending my daughter's wedding.  Deanna and Olivia were fantastic in making my arrangements so easy. Check in desk, so very nice, respectful and wanting to please.  The new rooms are so clean and updated.  We had a delicious breakfast the next day for those staying over.  Very nicely done.  Definitely the choice for out of town guests, the room block rates are very reasonable.",
80,1,8/16/2010,654,,"San Francisco, CA",Leo C.,26,3.0,217,"Was here for a business trip in the White Plains area.  Stayed midweek, Wednesday and Thursday evenings.  It is decent, and at $89/night, it's a good deal.  In terms of location, this hotel is across from a large mall with lots of food options - Outback Steakhouse, Mortons, PF Chang's, etc. chain restaurants.  Shopping is available there too, with your typical mall department stores like Nordstrom and the regional discounter Daffy's.  Parts of the place was under construction, but it was still relatively quiet and clean.Pool/Gym - small room with machines and some weights, pool is a oddly shaped pool, mainly for wading around, not lapswim.  I'd have no problems staying here again for my next trip out, but it's also nothing to rave about.",1
81,,5/24/2010,22,,"Lynnfield, MA",Stephen R.,0,1.0,14,"The hotel is in serious needs of a renovation, not only of the building but the management.  Everything except the bathrooms were run down.  Railings had screws half out, carpets that had not been cleaned in who knows how long.  We had to wait over a half hour to check in.  The hotel had two people checking people in for a line that had become a dozen deep.  Instead of extra staff helping check people in.  The other people behind the counter watched.  We waited 30 minutes to check in.Find another hotel.",2
82,,2/18/2013,202,,"Edgewater, MD",Al G.,1,1.0,49,The hotel is ok .. They are working to up date it so there is work being done .. The fire alarm went off a few times during my stay.. That was a pain.  Over all the staff is ok and helpful. The room was clean. Wifi is very slow.. too slow,
83,1,9/7/2008,489,,"Honolulu, HI",Shay F.,3041,3.0,1516,"I remember spending nights here when I was going to high school. It's close to my high school, so my parents would stay here and I would just join them.It's clean, and they had a free shuttle to my high school which was cool.",
84,,3/8/2015,1,,"Manhattan, NY",Ashley A.,0,5.0,7,"This Crowne Plaza hotel is beautiful! We reserved a block of rooms for our wedding, and they were very helpful in accommodating our group. They made sure to check in with us up to our wedding date to ensure that we had everything that we needed. They were extremely accommodating to a few of our guests who have special needs. We even received perks (breakfast, room upgrade and chocolate covered strawberries and champagne!) due to a certain number of rooms being booked. It was such a nice surprise! Our guests commented about how elegant and comfortable the hotel is. The lobby is a gorgeous setting for photos. There are a lot of great restaurants and bars in the area as well. Our stay couldn't have been better!",
85,1,1/14/2012,0,,"Rockville, MD",G M.,1,3.0,131,"Not bad, but not quite what I expected from Crown Plaza.  It was really on par with a typical Holiday Inn, only the food and other perks cost more here.The positives:  Room was clean, check-in and check-out were efficient, the mattress on the bed was high quality.The negatives:  Room amenities were not up to par for a higher end hotel--the bedsheets were scratchy, the furniture a bit worn, and the TV was an old CRT with a rather blurry picture.  (Any self-respecting club or restaurant still has has gone to flat screens, why wouldn't a nice hotel?)   Breakfast in the hotel restaurant was pricey--$20 for the full buffet (Embassy Suites includes that gratis) which seems like an outrage in the suburbs.  (There were cheaper items if you ordered off the menu, but it was clear that staff were trained to sell you on the buffet.)  Parking in the attached garage was $10 per day.Given I paid an AAA rate of $125 (including tax), I'd consider this acceptable value for the money.  I'd have felt cheated had a I paid more.",2
86,,8/13/2010,115,,"New York, NY",David C.,25,2.0,51,Currently under construction. Nickel and dime you for parking and wifi along with other services.  I didn't care for the attitude of the staff and the overall ambient of the hotel during construction is cheap.,1
87,,8/17/2014,58,2,"Las Vegas, NV",David K.,89,3.0,180,"3 stars to be nice. Came for Sunday brunch. Was small little rolls out and fast food type heated food. There was stuff to eat, but none of it was that great. Went home full, which I guess is point. However, not that excited about what I had. I guess living in Vegas, I've been spoiled by what you get out there.",
88,1,8/16/2014,10,,"Brooklyn, NY",Molly M.,6,4.0,77,"I stayed here for a night on business. I love Crowne Plaza because no matter the location, it's always a safe bet. My room was very clean, and really nicely appointed. They leave a little ""relaxation kit"" on your pillow, which is cute, and the soaps and shampoos smell really good. I ordered the margarita pizza and a glass of wine, which came to around $35 after taxes and fees. I paid $149 for the room itself, and I feel fine about it. I will definitely stay here again.",
89,,9/18/2011,55,,"Branchburg, NJ",Dan E.,26,3.0,863,"I must admit I am a little surprised by some of the low reviews here.  The hotel itself is located in a pretty busy spot of White Plains (right across from the mall).  They do have a pretty big parking garage but charge $10 to park.  I wasn't a huge fan of that but what are you going to do?  The hotel had a lot of different events going on but the check-in process was relatively smooth and our room was ready early so that is always a plus.  As far as the room went, I was pretty happy.  The bathroom was nice and spacious.  Everything was clean and the beds were relatively comfortable.  They did have a pretty old TV in the room but not a big deal.  Overall, I thought it was a pretty good hotel.  Don't get me wrong, not the greatest place I have every stayed but certainly not bad, either.  If I was ever in that area again and needed a room, I would not hesitate to stay here.",2
90,1,12/4/2009,6,,"Orlando, FL",Kevin W.,2,4.0,94,"I have stayed here multiple times in the past few years.  It is a decent hotel with comfy beds and spacious rooms.  The only pitfall is that some parts of the hotel are a bit dated and I find the head person of the shuttle transportation to be a bit rude.Aside from that, there is a small mall across the street and plenty of restaurants around.....Cheesecake Factory, Mortons, PF Changs, and best of all a Whole Foods.  If you haven't eaten at Whole Foods, you gotta try it!",1
91,1,10/16/2011,23,,"Clayton, NC",Terry M.,50,2.0,148,"It seems that I have to put myself in a rather Bill Lumbergh attitude here and say ""Ahh, yeah, we're gonna have to nickle and dime you here, and by the way, are the TPS reports ready yet??""So we have the Good, Bad and the Ugly here.  Let me preface this by stating that this was a reward night (well $60 + 15,000 points) and that the room would normally have gone for $259 a night.  I'm not complaining from a standpoint of what I really paid, but from a standpoint of what I could have potentially paid if I had not used reward points.The good:  I had an excellent reception by the front desk clerk.  She was cordial, acknowledged my status, set me up with a free drink coupon, gave me a great room on the 12th floor almost next to the Crowne Room.  The beds, I think they are a Crowne Plaza hallmark, were as ""curl up under the covers"" and sleep until the cows come home comfortable as always.The bad:  The room felt a little closet-like.  It was just a little bit small.  This is a hotel that gets it's bang for your buck: I can go to a Holiday Inn Express and while I don't have a Crowne Room and the appointments afforded by a Crowne Plaza, I do have free internet, free breakfast, free parking, a TV (in a lot of cases) that is better quality than I had - there was a lot of nickle and dime here - internet was 9.95 a night, parking was either $10 if you wanted to do it yourself or $14 if you wanted valet parking and although we had breakfast in the Crowne Room and it didn't cost us a thing, it probably would not kill the hotel to throw in a little protein (this was a great breakfast if you were soley into carbs!!).The ugly: For all of this hotels' appointments, I was initially impressed by the bar area.  Nice stuffed chairs about table high on one side and stools on the other side.  But oh, did the service royally suck!  We bypassed going to a liquor store to buy some wine beforehand for the convenience of going to the bar for a nightcap glass of wine.  We sat down and it took about 2 minutes for the bartender to get around to us (it wasn't particularly busy at the bar) and he took our order and then walked off to service someone else.  His attitude with the customers was amazingly morbid, while he lit up whenever he dealt with the staff (huh??).  We watched him pour our drinks and I have never seen anyone pour a glass of wine with such waste as this guy had.  There was wine flying all over the place.  He got our glasses to us eventually and then he left the open bottle of Chardonnay on the bar in front of my wife.  After that, we watched him ignore a number of customers, tell customers waiting for drinks at one end of the bar, to come to the other end of the bar where he was to order and generally flip attitude wherever he could.  He never asked us if we would like a refill and instead, balked when he saw the coupon that the front desk had given me.Seems to me, if you've read my other reviews, I've been ragging pretty hard on the Crowne Plaza's that I've stayed in, but I have to add, that just a couple of weeks ago, I stayed at a Crowne Plaza in Reading, PA and had a superior time for almost half the price (except there, I paid the bill as opposed to using points).  Now, unless there is a secret underground network that informs all of the hotel employees that you paid with points, and I seriously doubt that there is, then I believe that our experience was not really out of the ordinary.So, at the end of it all, I have to give the whole experience 2 stars and say that unless you can get a deal, there are better places to stay and better places to play!",1
92,2,11/28/2007,134,,"Chicago, IL",Steve R.,0,3.0,531,"S'ok.  Room is nice enough, reasonably comfy. The room service food is pretty so-so, not bad but I wasn't blown away considering how expensive it is. The room cleanliness was ok, though there was some horrid sticky black funk on the shower head that I touched on accident...probably oughta go get a shot.  The workout area and pool are very nice, and the hotel bar is a regular hotel bar...sorta creepy and sterile, but OK.  Given that there was some sort of hairdresser show in the hotel that night (they said it like 'heah-dressah'), there was quite an array of jagoffs & Fran Dreschers in there which made for some amusing conversations.The thorn in my side at this place is the parking...only one guy behind the desk seemed to know the procedure with the parking garage nextdoor. I can't be the only hotel guest who uses it, right? I would think there would be a pretty well known standard procedure for validation and such.  But nope, I have to explain every day how and why I need the parking ticket validated.  Overall it's a nice hotel, I'd stay there again. It's near everything downtown, so that alone is a selling point. The downside is that your view is a Nieman Marcus and other mall stuff.",4
93,,11/10/2011,64,,"Ventura, CA",Tamara T.,0,4.0,44,Was there for a wedding and they gave a very reasonable rate for the party. The staff was very friendly and helpful. The room was fine and the bathroom was modern.,
94,1,8/24/2009,86,,"Lake Forest, CA",Pamela L.,36,4.0,119,"I stayed at this hotel because there was a special group rate for all guests of my cousin's wedding, so starting with the price it was a good deal.  We came in at 7:30am expecting them to tell us it was too early to check in, but they were more than accommodating.  It seemed like there weren't that many guests checked in which is probably why they were very flexible & also could easily assign adjoining rooms for some of the families. The rooms & bathrooms were spacious & clean.  The staff was very friendly.  They had complimentary shuttle service to the train station as well as local driving within a certain area.  They seemed very accommodating, but that could just be because we were such a big party for the wedding.However, there was a surcharge for using the internet which was a big no no for techies such as my little brother.  I didn't care because I didn't have time to go on the internet.All in all I found it to be a nice hotel, however I was so busy since I was in the bridal party I really didn't have time to check out the amenities & all of it's offerings.",
95,,7/7/2010,1,,"Tarrytown, NY",Robert S.,0,1.0,9,"This is quite possibly the worst hotel I have ever stayed at. My wife and I booked approximately twenty rooms for our wedding guests. Wait time to check in was over 30 minutes -  the staff is incredibly slow.  They weren't understaffed - there were at least three employees behind the desk, typing away aimlessly while the line grew.            One of our guests smelled cigarette smoke in the room after returning post-reception - perhaps an impatient member of the staff thought no one would notice.          The welcome bags were not in the rooms as promised, and were instead 'at the front desk, available for pick up.'  That's what they told us as we checked out, anyway.         Parking was to be validated for all guests - unfortunately, no one bothered to tell us or our guests until everyone but the wedding party had left.          The elevators were horrible - only one was working, and we waited up to 15 minutes at one point.            I was extremely disappointed as this hotel seemed to advertise itself as a luxury establishment. Save your money and stay at the Motel 6. This is a sad, sorry excuse for a hotel, and the staff simply does not understand the concept of customer service.",4
96,,12/16/2013,0,,"Solana Beach, CA",Bobby B.,0,4.0,30,"This a good hotel and in the heart of white plains. You can easily walk or shuttle to the the local bars and restaurants in The area. The hotel is also located right next to 287 and a beautiful mall.  The hotel can be pricey at times, however the location is perfect and White plains has a lot of fun to offer, especially on the weekends.",
97,1,9/21/2007,47,,"Brooklyn, NY",Stephanie V.,1,4.0,244,"I stayed here once in my freshman year of college because there was a fire in my dormitory. So, the college put us all up in the Crowne Plaza in White Plains because of the proximity to school.It's a rather nice hotel with all the usual amenities: television, phone and room service, big double beds and a huge bathroom. I was only here for one night, so I did not get much of a feel for it. I enjoyed my stay even though I was displaced from my room at the time. The bathroom is very spacious with a huge shower/tub and a nice sink. The television has cable and pay-per-view movies.",1
98,,1/28/2011,9,,"Chicago, IL",Patrice R.,0,2.0,8,"The best thing I can say about the hotel is that the maid did a great job keeping the room clean.  What's wrong with this place?  No fridge or microwave in the room or on the individual floors.  I was told to go to the front desk to have someone microwave my leftovers.  Extremely Slow elevators.  Finally, the best part.  I was locked out of my room for having a phone bill of $6.00.  My room was on floor #1, and I had to walk up and down the stairs (because the elevators are so slow) 3x's after the front desk failed to tell me security had to come to reset my key and finally get me in my room.  Last but not least, general banquet halls are kept at a freezing temperature, especially in  the winter.",1
99,,12/28/2010,21,,"Bridgewater, NJ",J J.,97,1.0,712,"Nice hotel but gift shop closed on Tuesday (holiday hours), Heat did not work in room.   Breakfast was uninspiring: toaster only did half a side, omelet cook did not speak much English so a scrambled egg was an undercooked omelet chopped up.",1
100,,7/25/2013,4,,"Columbus, OH",Dave S.,4,5.0,20,We only spent 1 night here but we enjoyed our stay.  Very nice room and the staff was helpful.  We slept like babies.,
101,1,6/7/2010,1,,"Exton, PA",Marisa S.,0,1.0,5,"This hotel came close to ruining my wedding. We had reserved the ""executive suite"" for two nights (Friday and Saturday for my Saturday afternoon wedding) so that my bridal party had a large room in which to get ready on Saturday morning, then my husband and I could enjoy the suite on Saturday night. We made the reservations about 8 months in advance to hold the room, which we figured was plenty of advance notice. Fast-forward to 1 week before my wedding, when I got a phone call from the ""meetings manager"" telling me that there was a mix-up and they had ""oversold"" the rooms and I would only be able to stay in the suite for one night. I went into a tailspin over this, and while they did attempt to compensate by not charging us for the second room (a downgraded room, the ""junior suite"" which was really just a relatively small room attached to a small sitting room)  on the second night, the inconvenience and stress of packing up all of my stuff (in my wedding gown, veil, full hair and makeup...) for the transfer (fortunately provided by my lovely bridesmaids and 1 bellhop) of rooms just before leaving from the ceremony, the inconvenience of this was just too much and the stress of doing all of that significantly put a damper on my enjoyment and excitement just before getting married. Fortunately, actually getting married and my gorgeous reception (NOT at the Crowne Plaza...) saved my day, but I was furious (and clearly still am, 2 weeks after the fact) over this. One of the worst parts was that they had 3 executive suites (which is what they advertise on their website, at least) and they waited until the week before my wedding to tell me that they had given mine away? Unbelievable. I will NEVER stay at a Crowne Plaza again, particularly not this one. Oh--they also 'delivered' the hospitality bags to the guest rooms at 11:30 pm. Including rooms that had children under the age of 6 (three families were awoken that night...). Lovely.",1
102,,11/30/2013,0,,"Boston, MA",Jennifer s.,0,4.0,4,"I have been meaning to write this review but never got around to it. My mom and I stayed here back in October she had a HS reunion at the hotel.  After reading the reviews of the hotel I was so nervous and hesitant to stay here because of all the negative reviews.  I looked at other hotels in the area to see if maybe we should switch hotels.  I was freaked out by people saying that the rooms have bed bugs. They are hard to get rid of if you take them home with you and so gross to even think about.  I even had my mom checked as soon as she got there to make sure there were none on the mattresses etc.  I called the hotel before I left to see if we had a fridge in the room and to voice my concern about the bed bugs (not that they would have told me anyway I guess) but the hotel was nice.  Room was clean , bartenders at the bar were super nice.  I had very little interaction with the front desk, a lot of people say they are rude, but the little interaction I had they were not exactly friendly.  I would stay here again , I would still check for bed bugs but i do that at every hotel..that is what happens when you see those reports on TV ...",
