,er_cool,er_date,er_freinds,er_funny,er_location,er_name,er_photos,er_rating,er_reviews,er_text,er_useful
0,1,12/4/2015,368,1,"Washington, DC",Kiara C.,284,5.0,226,"I came here with my coworker to grab some info on graduate programs. The campus is HUGE!Trying to figure out where to go on a rainy, cold day, we finally found the correct building. The staff there were awesome, informative and helped us with all of our needs. I felt so old walking the campus with teeny boppers rushing to class, but I am very happy I came to check things out and yup, online courses are so up my alley. :) This review is mainly for the Advisors who helped us both during our visit.",2
1,,11/6/2018,96,,"Hoboken, NJ",Laura C.,10,1.0,113,I visited NYU when I was applying to social work school.  The admissions counselor I talked to was extremely nice and informative.But their social work program doesn't seem that good compared to other schools.  I can't say I walked out of there super impressed.  Plus it's in a really old building- it almost reminded me of a New England prep school I went to as a child.  Sorry but that's not an experience I wanna relive.  Plus their administrative staff was so rude and not really that helpful. I won't be going here.  Not a good fit to say the least.But they have a good reputation and are located in a beautiful neighborhood.  I guess if you're willing to pay the really high tuition costs and you wanna be in an environment with creepy old buildings and a rude administrative staff then go for it.,
2,1,11/5/2018,1,,"New York, NY",Julian F.,12,3.0,32,"I dunno. I can't complain. I was lucky enough to go here yes and I did graduate. But to be honest, this place really just screams three stars to me. I'll credit them with this much: they haven't called me asking for money. Because they definitely know.",
3,,10/16/2018,0,,"Yorktown Heights, NY",Nancy M.,0,1.0,5,"Just be aware of major roach infestation in the depressing and nearly windowless Greenwich Ave dorm. It was positively the worst place my daughter ever lived in. Rented for $3500 for 8 weeks of hell during a summer internship. Location is great, but she woke up with a roach crawling on her face. While cleaning out her drawers there was a dead 2.5 inch giant cockroach in with her underwear. Furniture and rugs dirty and smelled horrible. Residence office doesn't give a shit about complaints. Security guard extremely rude, icing on a rotten cake. Had to double bag all belongings to prevent transfer of roach larvae to our home. Shame shame shame on NYU residence dept.",3
4,,10/17/2018,0,,"Bloomfield, NJ",Al T.,3,1.0,4,"Poor communication from the School of Professional Studies. It's unfortunate that it takes 2+ months to launch an online class. Unresponsive departments (bursar, registrar, admissions) and lack of empathy for the frustration endured. From such a renowned institution, you'd expect better. Especially considering the lack of internal communication that's evident from the conflicting responses you get once you do hear back (if you do hear back!).",1
5,2,4/17/2018,91,,"Manhattan, New York, NY",Freya-Loki O.,74,5.0,970,"Best private college in a true metropolitan city (non-ivy, non-religion), surrounded by East village/Greenwich/SOHO/Flatiron district. let's enjoy the mimi cheng's dumpling and by Chloe breakfast every single day :D",2
6,,3/20/2018,0,6,"Laguna Beach, CA",Taylor C.,0,1.0,3,"Very disappointed.  I was really looking forward to touring the campus but all of the tour guides were VERY unprofessional. NYU is supposed to be diverse but tbh, it's difficult to find a straight male. They can't call themselves diverse if they only have one group of liberal freaks and no normal people! This school is wayyyyy overpriced and completely overrated.",3
7,,6/23/2018,0,1,"Cerritos, CA",Jamie G.,0,1.0,17,"Lipton hall has the most egotistic and dumb security guard I have ever witnessed. His name was Castillo, I believe, and spoke with a heavy accent. It look him 5 minutes to check me in. Super rude and blamed me for not finding my name fast enough, while he actually gave me the wrong paper.",1
8,,7/11/2017,22,,"Corona, CA",Roberto M.,0,1.0,13,"My daughter needs housing (room) for summer intensive on a Ballet School outside NYU, they ask me to deposit $500 before anything to reserve the spot. I need the room only for 3 weeks, so they said I need to reserve minimum for 9 weeks and adjust dates later. So after I paid, request adjust to 3 weeks and they said I can't and have to cancel and lost my $500. This is scam and I like to advise other students for this bad business practice. They still money from young students. Be very carefull!!!",6
9,13,4/3/2016,1485,14,Hong Kong,Michelle M.,5885,3.0,1256,"There's no denying that I had some great experiences while at NYU, and that I owe part of my successes after graduation to them.I attended NYU for undergrad, when tuition was ""only"" $40,000/year* and John Sexton was president.I loved NYU because their location in Manhattan was awesome- deep in the heart of Greenwich Village. My freshman year, I lived in Rubin which meant I was able to have a 5th Avenue address for 8 months or so. :)I enjoyed my program as well. I pursued a degree in Sociology, with a double minor in Italian and Political Science. I had some great professors along the way. For one semester, I even studied abroad at NYU's beautiful campus in Florence, Italy. By the time I went there, I think it was in University hands for at least a decade, but don't quote me on that.Most of all, the people in my class were amazing and moved on to be very successful. I still keep in touch with a lot of the friends that I made there. Hell, my husband and I even met there (technically we first met on our first class ever during our freshman year, but we really only got to know each other during our senior year.)I also have to give credit to NYU for helping me get a job right after graduation. I was lucky because I entered the workforce right before the 2008 financial crisis. But I'm pretty sure having ""NYU"" on my resume helped me get callbacks. Same with when I moved to Singapore.Despite all the great memories, I'm a bit torn on what the University looks like today. You might've seen some press about their controversial expansion- ""NYU 2031"" as they call it- where they expand outside the core Washington Square location and build up to 2 million square feet of housing, classrooms, and offices in the Village. It sounds nice and all, but in the end, it changes the neighbourhood (usually for the worse) and unfortunately, it's always the students** who end up paying for this costly construction. And NYU is very notorious for giving out really shitty financial aid packages.Additionally, NYU is expanding globally, with fancy campuses in Abu Dhabi and Shanghai. To me, this screams ""NYU = corporate"" and I'm of the view that such global expansion dilutes the brand. Lastly, I'm not too happy with the alumni association here in Singapore. There are many alumni based here, and considering NYU's greed, it would behoove them to tap into this market for donations, considering the amount of wealth that these alumni have. However, the association doesn't hold consistent meet-ups (admittedly it's getting better in 2016, though in 2015 it was bad) and despite me reaching out, voicing my concerns, and offering my expertise to help, I've only been told that ""they'll relay my feedback to the 'committee'"" and nothing comes of it.I'm surprised that as an alumna, they don't see my skills as relevant and would rather keep doing things their way. I feel like they don't support me, and if they're not willing to support their own, well, I won't be interested in supporting them in return.It doesn't look like the NYU 2031 expansion plans will be going away, so I can only hope that future generations who decide on NYU will still get the education that they need, will be able to (miraculously?) pay off their student loans, and that the University doesn't ruin its reputation in my lifetime.--*You can bet your ass my parents are laughing at the return on their investment, considering 2015 tuition was quoted at $66,640 a year.**Don't get me started on how NYU apparently has more ""sugar babies"" than any other college in the US!",23
10,,11/16/2016,6,,"Brooklyn, NY",Cal C.,15,1.0,62,"Education is here is not worth 250,000 in debt. The school will not care about you unless it's milking you for money!",7
11,,4/1/2013,209,2,"New York, NY",Jana L.,684,4.0,368,"Cool school!  Didn't seem like it has that much campus life, but since it's in NYC, there is a lot to do!  Definitely would have applied if I wanted to do Business.  Didn't know purple was their color.But my heart belongs to Columbia. :]",1
12,,11/11/2016,268,2,"New York, NY",Jillian C.,7,5.0,20,"As good as it gets.  New York University gives young people the opportunity to receive a Grade-A education, while living in the best city in the universe. A+++++++++++++",3
13,,11/20/2016,0,,"Manhattan, NY",Jason H.,0,1.0,2,"NYU Schack Institute of Real Estate Online ClassI am paying about $700 for a 6 week online class.The class basically consists of the teacher reading his pdfs and making a few extra comments along the way.The course book is not even available in the bookstore so one cannot read it with the lessons.They ordered it once classes started but it takes 10 days to deliver. Same online.So, once we have the book, we are already well into the short term class.The  teacher does not return emails in the class forum or by direct email.you are paying $700 for audio cds, basically, with no additional support.Does this sound like a good deal to you?",2
14,3,10/19/2016,9,,"New York, NY",Nathaniel J.,19,5.0,39,"I can only speak for the department of Teaching and Learning founded by Dr. Mark Alter. People come from around the country to study here. You get what you pay for in terms of access, research, and practice. I have been blessed with amazing teachers here, and have gained a wealth of knowledge from my classes. Definitely come to an open house if your interested. Bobst Library is an amazing facility for research and study. Seriously NYU is amazing. Besides all the smokers in front of the library. Plus theres so much amazing eats in the village. Check it out!",2
15,,"8/13/2015
            





Updated review",10,,"New York, NY",Ruoyi J.,29,3.0,131,"With everything I said about scary tuition fees still remains true, I start to appreciate the education a little more now. I graduated from NYU (Tisch) 2 years ago, and clearly my education has set me apart from many who have studied similar courses. Having required general studies for Art majors is the best thing that can ever happen to undergraduates at Tisch. But hey, almost all of my grateful peers are struggling to pay their loans now. The tuition is way too damn high!",6
16,13,1/18/2014,39,2,"Essex County, NJ",Dina C.,107,5.0,179,"I have such fond memories of NYU. I did not attend, but My Mom earned her graduate degree in education at night here. Often I went to class with her as a small child and slept in the back of class....child care remains at a premium in the city.She graduated Cum Laude and loves to tell people about her experience at her beloved NYU.On full scholarship she studied at night and became a New York City public school teacher by day and CUNY adjunct professor at night.Perhaps things have changed, but I felt quite welcome on campus and the three years spent here are some of the happiest and most memorable Mom speaks of. NYU, the West Village, and Mamoun's(that is what we could afford)on Bleeker will always have a spot within my heart.",6
17,1,11/28/2015,590,1,"Brooklyn, NY",Walker A.,491,4.0,126,I went to school here. It's a tough school and very expensive. It's in a great location but what I don't like is it doesn't really have a campus. I wish it had its own campus like Brown University.The other bad thing about NYU is they don't have enough dormitory space and you  can't afford to live in Manhattan unless you're the son the daughter of a multimillionaire,
18,,1/21/2016,55,,"Jackson Heights, NY",Z B.,3,3.0,119,"NYU is not exactly a school, although it is that and has many motivated and excellent faculty members and students; but NYU is, to a larger extent, a franchise. It occupies a strange space between a school with standards, curricula etc and an international investment tool.I just returned from their Abu Dhabi outpost where I presented at a conference. My field is not political or controversial, and that's a good thing too since AD is a very polite society where people fall into their respective social strata (Emirati natives at top, Africans at bottom), collect their cash and ask no questions. NYU seems eminently suited to this but they are still willing to push the envelope (showing Matewan- a labor rights flick- to students is almost as risqué in those parts as wearing a ""Mohammed sucks"" shirt). In the long run, the school will have to decide where it's heart lies, but right now they are maintaining an interesting balancing act.",14
19,,1/6/2016,0,2,"Manhattan, NY",jess t.,0,1.0,3,"According to the staff, they are 'subject to make changes to educational programs without any notice.'But surely you are safe from them discontinuing a certificate program after you are more than halfway through the courses and out a year and a half's worth of work and thousands of dollars, leaving you with nothing in return?Nope. They can discontinue it and give you nothing - no certificate, no refund, and a complete waste of time taking useless classes from people who shouldn't be teaching. I would have been better off getting a certificate at a community college.",10
20,13,3/18/2014,355,18,"Pasadena, CA",James L.,465,5.0,169,"I'm biased as a former student in the NYU Graduate School of Arts and Sciences.  Some of my best memories were here.  I loved my undergraduate experience, but while at NYU, I couldn't help but wonder (many times) how much more I would have loved being here in New York City as a wide-eyed 18 year old.I arrived as a graduate student at NYU a week before 9/11 happened.  A lot of people took the semester off, which NYU generously facilitated, even with the students who took the gifted $500 because their housing was close to ground zero and they couldn't get back to their rooms for clothes, study supplies, books, etc.The school doesn't have a centralized campus like Columbia.  Washington Square Park is probably as close as it gets to that.  It's simply a cluster of buildings (maybe a square or two (like in front of the library) with the purple flag with the picture of the torch adorning the entrance to let people know that it's an NYU building.  I liked that it was this way, because I considered New York City to be NYU's campus.  It truly, truly is and coming to NYU means you're coming to New York.  There is a student bubble but, unlike most colleges and universities, it's fairly easy to escape the bubble.  I never once felt that whole Towns Vs Gowns thing.The school is large.  It's prestigious.  The CON is being overwhelmed which is a small, small price to pay for having Hilary Clinton come to speak during Women's History Month or studying in the library and getting interrupted because everyone is running to the main foyer to see Nelson Mandella walk in to speak or VS Naipaul doing a reading the week after he wins the Nobel Prize for literature or Al Gore speaking on global warming.  You get the point.  The school does favor left leanings and there are a good number of students and faculty who are far, far to the left, so if you're to the right or far to the right, this may not be a comfortable place, unless you're all about being around other people who think differently from you, promote tolerance, celebrate diversity and lean/look forward to new, free modes of thought.This is a school that doesn't hand-hold so if you know what you want and you're self-driven and take personal responsibility for your own education, you'll be in good company here.Random story: Jacques Derrida was a professor there while I was a student.  When I saw him in front of the library talking to a student, I had my celebrity-freak-out moment and just stared at him.  It happened in slow-mo.  He looked up at me and I thought he was going to say something, something brilliant, something that would change my life forever.  He then looked at the student he was talking to and said, ""Let's go over there and talk.""   Still, I was happy with that moment.  I forced Derrida to cross the street and continue his conversation.  Okay, I'm done being a geek.  By the way, did I tell you about the time I forced Derrida to cross the street? So cool, so cool . . . .",15
21,,7/27/2017,0,,"Rochester, NY",Jimmy V.,1,5.0,2,nyu is such a unique university. the grounds are so interesting. the professors are well educated and the area of nyc is clean and cool.,
22,10,7/17/2013,1,24,"New York, NY",Tracy W.,0,4.0,22,"After skimming though all the NYU h8, I felt compelled to write a review of my alma mater. Sure NYU costs a lot, and sure and it may not be the most mothering of colleges out there, but for those who are assertive and forthright, NYU can provide you with damn good education whether it be in philosophy of law, linguistic semantics, or the enigmas of hipsterdom (or all three at once). When I was there (class of 2010) I always picked the best rated professors and they always happened to be the most intellectually challenging classes as well (ahem, Prof. Rajsingh -- he's so awesome I'm mentioning him in an effing Yelp review.) Your NYU education is what YOU make of it.Writing the Essay (or Writing Workshop...whatever it's called these days) might be kinda shady to some, but it really did improve my ability to think and write in a format other than the five paragraph essay that most high school students are taught. Writing isn't that formulaic and NYU knows that. Yes, I am in debt, but my debt will be paid off eventually. If if weren't for NYU, I wouldn't have made my super artsy friends who blew my mind with what they were doing in their super artsy classes (like create a sculpture that holds water AND shows movement?! wft?!?). I grew up and toughened up faster than my friends who went to more traditional colleges because I lived in NYC and because I had to fight my way through 4 years of that infamous NYU bureaucracy -- what separates the true violets (or bobcats now?) from the less formidable, weakling flowers (like pansies). If you want to be coddled through college, go somewhere else, 'cause NYU don't want 'chu.",32
23,4,2/18/2015,0,2,"Brooklyn, NY",K V.,0,1.0,3,"For those looking to attend NYU's School of Continuing Education to obtain a Certificate in Digital Cinematography, don't waste your time or money.  It's really a money trap.  I attended the four week intensive the summer of 2014 and was very disappointed that I invested $4,000 + four weeks of not working into an education that that seemed more like a scam than any school serious about educating its students.  I wasn't the only one, the entire class felt the same way.  By-the-way, this criticism is at the school and not the professors who taught the class.  I felt they tried their best with what they were given by school, which wasn't a lot.  Here's why:-- NYU School of Continuing Education is not the famous film school at Tisch School of the Arts, its a separate school altogether.  I knew this going in but many of the students did not, especially the foreign students who made up 3/4 of the class.  That said, the school administrators have very little knowledge of how to run a cinematography program and didn't care to research.  For instance, they advertise in their class description that the program will teach students ""Digital Cinematography"" but the students learn on DSLR cameras.  Big difference.        Also, the classroom/studio is an office space, like what you'd find at an accounting firm.  One side of the room had a full row of windows, so when we projected films or class assignments, the room was never dark.  There was no way to darken the room.  How does a cinematography class not support proper projection....  This is whole purpose of the craft.    There isn't enough workspace for all 20-25 students who attended the class.  Because there were so many students and so little space, we broke into groups to work on an assignment, so groups had to find empty office space rooms to work in.  While in the empty rooms, we'd be hounded and then kicked-out by the building manager, who was strict that all student must work in one room in the building, even when there just wasn't enough space.  It was a problem and very disruptive.  Why didn't NYU School of Continuing Ed figure solve this problem before the class started and why didn't they find a solution during the four weeks?  The ineptitude of the administrators was so out of place.     The foreign students had it the worst.  The original dates we registered for changed by one whole week only a few days before the class was to begin.  This really screwed up many of the foreign students financial situations because they had to stay an extra week that they didn't plan for, which meant extending living arrangements (which is very expensive in NYC), changing flights, paying change fees, ect.  It was brutal on some people.  And all the effort for a super sub par education.The whole situation was poor dealings.  The only one who truly benefits is NYU School of Continuing Education as they wreck in the cash. BETTER OPTIONSAfter taking the intensive at NYU School of Continuing Education, I obviously needed more.  So, I enrolled in The School of Visuals Arts continuing education courses for Cinematography.  This school is lesser known than NYU, but I found my education to be so much more thorough.   These courses were excellent.  They have two working studios, digital cameras, movie lights, full grip, a casting department and everything you need to practice cinematography.  I would also look into Maine Media Lab for a much better alternative to NYU's terrible program.",17
24,116,6/23/2012,621,75,"Marin County, CA",Raider J.,0,5.0,654,"I have been coming to NYU the last several years attending numerous business events and seminars.  NYU is always bustling in energy.  The programs are always First Class and the professors, staff and students that I have met have always been inviting and intellectually facsinating to meet.After attending an NYU program, you can enjoy a beautiul walk through SOHO, the Village or Union Square.Lastly, my son is attending and wrestling at NYU.  The coaches and wrestlers are awesome!!",113
25,9,1/26/2013,1,10,"Brooklyn, NY",Kerry S.,0,3.0,52,"I'm currently taking classes at NYU SCPS and I've had nothing but good experiences.  The professors are great and my fellow students are an interesting, varied lot.Why 3 stars?Because NYU has totally decimated the neighborhood.  It has taken an historic area known for its edgy energy and turned it into some kind of playground for out of town college kids.  Guess what NYU undergrads, you aren't in NY.  You are in a facsimile and probably not even that anymore.  I agree with prior posters who state that NYU is a real estate hog.  I've never seen an area go so white bread so fast.  Every other building is NYU.",14
26,27,7/22/2014,59,30,"Los Angeles, CA",Nancy N.,4,4.0,13,"I can finally post this review after completing my undergraduate studies at NYU this May.In short, the NYU college experience is what one makes of it. There are amazing internship opportunities, volunteer programs, intelligent professors who are the top of their fields, and a vibrant social scene, but only if you choose to seek them. That said, bringing your A-game everyday is hard, and if you ever feel like you're about to become extinct in the concrete jungle, look for help from people who will gladly come forward to provide it--friends, family, faculty, and the Wellness Center. Yes, the school costs too damn much, and you should not attend if you do not receive any financial aid, are the sole provider for your family, or have loan sharks dogging your every step. I was a scholarship student, so take my analysis with a grain of salt. At the end of the day, I felt like I tried my best to make returns on the investment. Random tips/thoughts:1. Use your NYU print grant of $50/semester. If you don't need it, ask around. Chances are some poor fellow who is absolutely swamped with readings really needs to print 250 pages about the history of the mobile phone or 2. Work as an RA (or summer RA) to save money on housing, interact with great faculty members who live in residence halls and the residence life staff, practice leadership skills, and serve the community.3. Continuing on that note, work-study jobs are a good way to make money as a student because they pay at or above minimum wage while allowing for time to do homework on the job. They also work well as a first job on a resume, as the experience gained from working in an office environment imparts valuable transferable skills for future jobs. 3. Free food is readily available--prowl the floors of Kimmel after 7pm or Stern during common hour, or hang around the dining halls to solicit students with extra meal swipes. 4. Take advantage of Ticket Central to score great deals for Broadway musicals, plays, concerts, as well as discounted movie theater tickets.5. Friend requesting Joan Torch is worth it. 6. You are NOTHING without your NYU ID.7. Going to Chinatown for dim sum adventures? Save $2.50 and take the NYU bus. Same applies for parts of Brooklyn, the West Village, and Murray Hill.8. If you live in housing, take a stroll around the laundry room and check if there is a free washer or dryer available. Machine problem or human error, who knows? The only thing that is certain is your laundry coming out extra soft, warm, and snuggly because it was free! 9. Apply for the Wasserman Internship Grant.10. Never lose sight of why you came here :)",61
27,1,7/23/2013,0,,"Aurora, CO",Kristen L.,0,2.0,2,"Ambitious university full of corporate greed that seeks to build an empire around the world: Shanghai, Abu Dhabi and sites around the world by charging high tuition rates and offering low financial aid to talented students who need it most.Essentially, NYU is an elitist school with ambitious, greedy corporate intentions first and educating privileged and wealthy students second.To mention some of the good things, there are some good individuals with good intentions, including some professors who genuinely care about the education of the students.",6
28,4,1/17/2011,1184,8,"San Francisco, CA",Denise C.,3505,1.0,1776,"I don't have a good review for my undergraduate education at USC or NYU. I was allowed to transfer to NYU, but they totally neglected me and I didn't graduate. I graduated from USC finally, but then I had spent two semesters at NYU. I was trying to study architecture studies in New York. I spent so much money around downtown. I also lived in Brooklyn and the Upper East Side in crappy spaces, so New York sucks. NYU is over-priced and not a very helpful university. Professors are highly qualified and intelligent, but there's always a new crop of them. NYU is right downtown. It's a landmark and a focal point of the city. There's a fake arch de triumph they copied from France, but it's something to see in person in a life. It can be nice if they take care of you and have you graduate in 4 years, which seems to be the case. It's expensive. Housing is important. Try to get it through the university. Pick a goddamn major and finish it. Try going abroad to Europe or Africa.",16
29,3,8/15/2012,113,3,"Brooklyn, NY",kellie D.,0,2.0,15,"I actually took classes from NYU SCPS which is the continuing education (money making machine) sector for NYU.  My company paid for my classes, which is the only reason I continued taking courses to receive my certification in Business Management.  The classes/professors through SCPS are hot/cold. I did have a few professors that I did really enjoy, however the bad ones were SO TERRIBLE that it took away from the good classes I did have.  It is overwhelmingly apparent that NYU is a money making, real estate grabbing machine, not worth the exhorbitant tuition they charge.",21
30,,9/20/2012,13,2,"Brooklyn, NY",Dave F.,0,5.0,4,"I'm currently enrolled in NYU's Stern School of Business, Part Time program.I absolutely love it.-The faculty is excellent.  They are all experienced professors, but also come with plenty of real world experience so they can call on that and not just traditional text book material.-A very diverse student body, with lots of different backgrounds and work experiences.  This makes for very interesting class discussions and lively debates.-The course offerings are top notch.  Stern offered a discipline - Entertainment, Media, and Technology - that no other school offered.  Though, I think they are most famous for their Finance offerings.-Many opportunities for DBi - Doing Business in - which are 1-2 week trips to foreign countries to study a particular subject, for credit.-Beautiful campus on Washington Square Park.-Not gonna lie, it's expensive.  But worth it.  When I looked at the job placement and starting salary for NYU grads, the cost of the school was well justified.",17
31,12,9/5/2010,5000,10,"Las Vegas, NV",Philip T.,1858,5.0,826,"Isn't mindblowing to think that some person..or even some computer chose which dorm you were going to live in and who you were going to live with?  Even the people assigned to the building as a whole!  That total random thing/person basically shaped everything I did there, who I was friends with etc.  So many landmark moments of my life and overall experience in NYC were totally based on the people I associated with in Hayden Hall and have become lifelong friends with.  It's crazy to even think how drastically different my life would be if I didn't know these people.  Thanks to the person/people/computer that randomly picks who lives where.",10
32,1,9/24/2013,153,,"Hoboken, NJ",Matthew C.,124,5.0,147,I have been just started taking one of my classes at this building and I must say that NYU has built a beautifully modern looking building. The interior is a work of art and the classrooms are fitted with the latest technology.,
33,,6/2/2014,0,1,"Manhattan, NY",Mel I.,3,1.0,9,"I took a class through the School of Professional and Continuing Studies. The teacher (Spanish II) was excellent and highly recommended, Profesora Lamboy. I've had 4-5 Spanish instructors in schools around the city, and she was the best by far: encouraging, giving equal attention to all students while being accommodating to their varying levels of proficiency, funny and engaging while not dominating the lesson time with monologues as other instructors might.The registration process on the other hand was a nightmare. I signed up for the class with a tuition waiver since I had served as a preceptor for an MPH student. The staff person at the registrar accepted the waiver. However, I continued to receive a balance for the tuition that eventually went to a debt collector. Despite communicating with five different NYU staff in various departments/offices for several months after the class ended, with almost no follow up to my requests/questions, the issue has barely been resolved. After this, I have no desire to take an NYU class again.",12
34,15,12/5/2009,403,15,"Los Angeles, CA",Dan N.,248,4.0,619,"You get what you pay for- you'll just be paying for it for a very, very long time. I went here to study education and came out with a Bachelors in Communication Disorders in '05. Honestly, it was worth every penny because I had a dual degree and the TSSLD (certification to practice as a speech pathologist in NYC for 5 years while getting your masters). Most programs DO NOT offer this option. NYU makes sure you do it. Counseling in my program was fair to good. Core curriculum classes in communication disorders were a mix of undergrad and grads taking prereqs. Expectations were high and the professors pushed you. Prepared you to apply for a masters in either Audiology or Speech-Language Pathology. I remember sitting in class one day and being shocked at how much I knew about something I had never really thought about before coming to college. It all just came together.As for the extra coursework (ie. Map classes.. if they are still called that) I really enjoyed most of it. Russian history, French Film (taught by a French teacher who showed us mostly Orson Welles movies), Intro to Printmaking, etc. were all good experiences. The stupid writing course that was required was pretty awful, but I think I had the worst TA ever and he must be gone by now. If he doesn't have his phD yet, or whatever he was getting, I'm sure he's in trouble. I attended the movie portion of my boyfriend's Hitchcock class in Canter.. it was awesome and the professor was actually very cool. Plus he totally owned his stuttering, which any future SLP is very happy to see.NYU has access to the entire city and they let you know it. Kimmel Center was built while I was there and I enjoyed it to the fullest. Program Board was an awesome place to make friends and set up great events for music, film, lectures, etc. The people I met in that club are some of my closest friends to this day. So if you are struggling try that, seriously! Bobst Library was amazing and I still had friends borrowing books for me there after I graduated. I think they let you visit only 3 times as an Alumni.. but yeah, that doesn't suffice if you are going to borrow all of your books for grad school there. I hardly bought any books in college because Bobst always had them and I'd just check them out. This is a good place to go if you don't care about a college campus and like to laugh about school spirit. Violets? Come on! Thank you for putting all of the sororities and frats hidden away on several floors of one of your massive buildings.. I never had to see them! Washington Sq. Park is yours but you share it with the rest of NYC- and that's probably what makes this place great. Be sure to jump in the fountain at graduation. Try not to get mad at the Sternies who create dollar signs out of tape on top of their graduation caps.",24
35,2,6/29/2013,64,6,"Manhattan, NY",Shuhana K.,12,1.0,45,"NYU don't care about students period. They are sooo rude!  I spoke to a few representatives at NYU and all were rude to me. I called NYU to speak to a VA rep because I am getting out of Active Duty in the Air Force and wanted to continue my education in Psychiatry.  The representative I spoke to (Clara) was very mean, rude, so impatient and kept talking back to me with a bad attitude. I was just surprised by her attitude, I just had a few questions about the program, how to apply and about the benefits.  She was frustrated by all the questions and I just said thank you and hung up and decided not to enroll in NYU. Why should I enroll to a school where they don't want to answer questions, they don't want to help you and are too impatient?  Anyway right now I am looking into other universities...",22
36,1,5/18/2012,611,1,"Emeryville, CA",Esther Y.,1581,4.0,1600,"I can't say anything about the school (I've heard stories though...not necessarily good) but from my recent visit here I think it'd be fun to be an NYU student just to live in the city (not necessarily an academic reason). Right underneath one of the dorms is a huge Trader Joe's, and right outside the doors are 3 food trucks that rotate, 2 Halal trucks, and a fruit stand. Plus a Chipotle and burger restaurant on the same block, and St. Mark's with great Asian food within 5 min walking distance. You definitely won't starve here!",2
37,1,"12/20/2011
            





Updated review",506,3,"Brooklyn, NY",Leanna P.,15,1.0,119,"NYU is rated 1 star because it does not foster what I believe to be a collegiate environment.  Don't get me wrong you will learn a lot at NYU, depending upon your program.  If you are looking for a university with a strong sense of community, encouragement and support; NYU is NOT the place for you.  I am currently working on a Masters and I feel as if NYU is a joke.  I learned more in undergrad and have a great sense of where I fit into my undergrad and a strong sense of community and spirit.  The same cannot be said for NYU.NYU is a great place if you are a sociopathic bookworm, meaning you lack social skills and work and research is all that matters to you in life.  If you are this kind of person by all means come to NYU, If not please don't waste your time because you will be in a hurry to graduate such as I.  May 2012 CANNOT WAIT.",4
38,1,9/30/2013,0,,"New York, NY",Kelly O.,0,4.0,19,NYU SCPS is a great school!  They offer so many courses.  Great location - especially the campus on 12th street.  You can't beat it!,6
39,12,4/27/2006,469,12,"Manhattan, NY",Srini V.,89,4.0,458,"I gotta admit--the location really does it for me.  And the faculty--they are quite good too, I hear.  Cool student body for sure.Well, I gotta also admit that I never attended school here, instead choosing Columbia.  But then I could not partake of all the goodies that surround the ""NYU area"".Maybe it is time to go back to school again! At you-know-where.",17
40,,12/5/2012,0,1,"Brooklyn, NY",Regina K.,0,1.0,2,"I have never regretted anything more than choosing to go to Graduate School here,  AND that is saying a lot considering I received a sizable scholarship.  I absolutely loved my undergraduate experience which was at a far smaller school with an administration and faculty that actually cared.  I was enrolled in the graduate education program at Steinhardt and I found the classes to be anything but challenging and most of the professors to be anything but prepared and caring.  And whatever you do, DON'T count on your advisor to help or provide any guidance for you, or even answer a simple email, because they are too busy cashing their paychecks and forgetting they actually have a job to do.All I can say is that even with a sizable scholarship to the program I am so deep in debt it isn't even remotely funny.  Before I entered into the school I had heard others refer to NYU as a business and now I fully understand why.  Oh, and once you are finished with the program I would advise you to do your own homework and follow up with the bursars office several times over even if they tell you that your account is zeroed out because when you suddenly get a $16k bill in the mail you don't want it to give you a heart attack.  The education they provide is a joke and at an astronomical price.",21
41,44,11/29/2009,204,42,"New York, NY",Melissa Z.,81,4.0,117,"*** 100th review *** I was struggling over what to review for the big 1-0-0, since I get a kick out of little pinnacles like this. Finally it dawned on me: why not review the reason why I'm in NYC in the first place? Yeah, I'm so deep in debt like many of my peers that the light at the end of the tunnel seems like a pinhole. Yeah, I'm sick of fighting through so much red tape that I'm surprised when anything goes my way. Yeah, I realize that the purple flag is adorning more and more buildings around Manhattan, and heck, the world. --- BUT Although it's easy to jump on the hate-wagon, I find it much more satisfying to look back and think about what great opportunities and memories the school provided in the past few years I've been here.Because of NYU, I got the college environment I always preferred. No football team, low emphasis on Greek life, and a lively city, not strictly college, setting.Because of NYU, I've gotten some of the most interesting and unique internships. Cupcakes aside, that is. Because of NYU, I got to study abroad in Italy, which changed my outlook on life and is probably why I'm even on Yelp now. Because of NYU, I got to live in prime locations such as Union Square, 5th avenue, and across from Trader Joe's. Who knew ambulance sirens could become such sweet lullabies?I could go on and on, but this is beginning to feel like a memoir. So overall, for someone who blindly picked NYU without ever having visited NYC, I feel pretty lucky. Broke, but lucky.",79
42,,6/27/2013,83,,"Brooklyn, NY",Ro N.,90,4.0,2217,"Only one elevator - super slow, but a lot cleaner than the Silver building.",
43,2,7/23/2014,140,1,"Jacksonville, FL",Khristopher B.,95,5.0,93,"Coming from a graduate who studied in the Arthur L. Carter Journalism Institute, I must say that a lot of what makes NYU great is that it's in New York City. The opportunities for students studying any field to go out into New York City and practice their craft is only matched by schools like the University of Chicago and the University of California at Los Angeles. Make no mistake about it, it's expensive as fuck to attend New York University. And most people attending are taking out hefty loans and not getting many scholarships. However, there's a name recognition and quality that NYU inheritedly has that I don't know you can put a price on. In other words, saying that you've studied and graduated from NYU just opens doors that I would argue could have never been opened otherwise. I loved my time there, hanging out at the crowded Starbucks across from Washington Square Park, spending countless hours writing in the Bobst Library, finishing a semester and then going to Swift for drinks afterward. One bit of advice for NYU though: they've got to do something better with the Coles Sports Center.",7
44,1,6/13/2010,101,1,"Hoboken, NJ",Dave C.,13,5.0,184,"A great school in the middle of one of the cooler parts of NYC.  Walking distance to Washington Sq. Park, shopping on broadway, tons of restaurants and bars.  This University has some great professors, awesome students, and has all the resources you need to be succesful.  I am in the Stern school of business and I have loved my time at NYU.",6
45,22,5/6/2011,24,25,"Manhattan, NY",Ren X.,26,4.0,83,"* i feel liek this point is important, so let me write this in caps.*NYU IS EXPENSIVE, BUT YOU CAN RECEIVE SCHOLARSHIPS AND GRANTS, SO IF YOU WANT TO TAKE BURDEN OFF YOUR PARENTS, STOP FOOLING AROUND IN SCHOOL AND STUDY. IF YOU ONLY GET Bs AND Cs AND Ds, AND NOT GET ANY FINANCIAL HELP FROM SCHOOL, WAT THE HELL DID YOU EXPECT?!there i said it, it annoys me so much when people complain about the tuition crap. get a job, get two, get three. i had two part time jobs at almost all the time. stop buying starbucks every day, and eating out every night. if you are planning to depend on your parents to feed you through all four years, then no NYU is DEFINITELY not for you. sorry i was being mean, but the point is, NYU isn't unmanagable n that its gonna bankrupt your family. i came from a pretty low income family, by the time i was graduating, i was gettin almsot half tuition scholarships, cause i studied hard and got really good grades. my friends and i all have work and internship and whatnot. the rest, i took out student loans with my dad' co-signing. so this way, i will pay my own way out of school instead of burdening my parents. i recently just graduated(one semester early, i studied abroad twice too!key is to take 18credit classes and pass proficiency tests when you are admitted like language and math for non-math majors, and AP credits help too(i didn have any thou)), and i have student loans of about $45k. which is not bad at all. well, just had to get that rant out of the way first. ----------------------------------------------------------why is there a review for our school? this is kinda weird, because if you are trying to go to college and you are reading on yelp for opinions... then... im not sure if u are smart enough to go to college to begin with. everyone's reviews here are biased. Although we all complain about nyu's high tuition and how cheap they are, most of us are still pretty damn proud of the school. I think to enjoy NYU, there are a few common traits among all of us who do attend here. 1. we are all somewhat pretty independent, i mean, being able to decide to come to an unfamiliar huge school in a gigantic city, we've all got some balls. and those who realize they arent all that independent, are usually weeded out after the first semester/year and transferred elsewhere, usually back into a gated school of some sort in the middle of nowhere. 2. through NYU, we learn to better manage our time and prioritize our lives. because if you didn't, you'd probably wouldn't be able to graduate and fail all the classes. no one is going to hold your hand, so if you have no self control and are extremely lazy and indecisive, there are so much stuff going on in school, classes, friends, and the city, you might lose youself, and your grades. 3. because everyone is competitive, you become somewhat competitive too, cause lets face it, when we see other people doing well, we all secretly want that too. and that is the reason why everyone always have some sort of part time job or internship or working on something. cause at nyu, if you are not into doing anything, nyu probably change that mentality. 4. we all consider ourselves sort of ""self-made"". nyu doesn't do that legacy crap ivys do. it doesn matter if your past 3 generations have been coming here.5. like it or not, we are the number 1 dream school. while all the nyu students are hatin on our own school, you gotta admit, when people ask where you go, and you say nyu, they are usually pretty damn impressed. 6. finally, not only did we survive, but we thrived in new york. thats better than 80% of students in this country who once again, go to schools in the middle of nowhere, with bean and corn crops and whatnot. once again, this apply to most of us.",47
46,4,12/30/2009,0,8,"Queens, NY",Stefanos P.,0,4.0,19,"Well, well and so I try to tame the beast that is private education and the establishment none other than NYU.I have had the delight of experiencing higher education systems of three different countries and I have to admit the US wins on all aspects. I need to stress  this review applies to the SCPS - Schack Institute , which is primarily graduate and aimed at working professionals, therefore the majority classes are conducted at night.Upon speeding through the revolving doors of a fairly luxurious building on 42nd Street and landing in a outstandingly lavish lobby , I find myself dropping the ideas of jagerbombs and bodyshots  as fast as those banks of elevators where spewing out suited and booted corporate soldiers.The lecturers are all part-time as they maintain their full time profession in the industry, an element of the teaching which is literally priceless. Anyone can teach a theory , but to support it through a personal event makes it stick and actually quite interesting. The price tag is hefty, but is it worth it? The answer is , it depends on your financial situation. If you are planning to pay with borrowed money , then no , if you have money to spare then definitely. May I remind you as an international student the majority of low interest loans are not available to myself so I could not comment on their efficiency, but again in my eyes undergrad is a necessity, graduate follows once you know your definite direction and hopefully may have secured some financing from your employer. I am not very familiar with the stereotypical NYU student and hopefully don't fit the profile,yet again I did buy something from Urban Outfitters?! Nonetheless I have to admit upon answering the question ""Which school?"" ,I do get a fairly suspicious stare, as though the inquisitive party is trying to determine if I am alright as I seem or pretty much a right wanker.Finally, as most of the classes are night there is little interaction between students and everyone is focused in getting the class over in time for dinner or, preferably a ice cold bevy nearby, check BXL Cafe!Love it or hate it, I don't look good in purple but my parents' mantelpiece is missing a frame...",8
47,1,1/21/2010,143,1,"New York, NY",Klysha R.,117,4.0,247,"This is my school.  I love it. There is so much going on here.  They have so many campuses which makes it easy and convenient.  The professors, for the most part, are great, fun and very intelligent.  I know it may seem odd to state ""intelligence"" as a quality for an NYU professor.  Let's just say it is not...Any who! The school is constantly buying real estate or renovating so the facilities are great.  There are a lot of clubs to join to make college life more enjoyable.  BEWARE: As you must know, this school is expensive about 1000 a credit, but to me it is well worth the money.",6
48,65,11/25/2007,40,142,"Fairfax, CA",Shane H.,6,5.0,151,"Shut up hater bitches. Almost every single nasty review here is from someone who either couldn't get into NYU if they tried, tried to get into NYU and was rejected or lives in the Village and wants to bitch about how much more ""authentic"" Washington Square was when you could buy crack for $5 and find someone to give you a blowjob afterward for $10. The price of both has gone up and Washington Square is actually a pretty safe place to hang these days, so maybe you miss the ""good ol' days"" but most people who had to live in New York then don't.And guess what? I live in the Village and I go to NYU. Yeah it's expensive but so are most other good schools. It's not like the cost of tuition is a secret, so why bitch and moan about the price when you knew how much it was before your ass even applied?And where did people start getting the idea that large universities were supposed to ""care"" for you? That idea is an example of the bitch-ass nanny-state thinking which is ruining this country. We're all adults. If I wanted to pay someone to ""care"" about me I'd go hire a goddamned prostitute.As for Writing Workshop. Yes, I'm sure that class sucks but being that I tested out of it (right into Writing Workshop II) I wouldn't know. Too bad your writing skills sucked so badly you started out in the remedial level writing class.New York University is what you make of it. I don't live on campus and I have a great time because of it. I have an A- average and I've worked my ass off to get it. I don't begrudge NYU for buying all the once cheap-ass real estate it could and then turning itself from a bankrupt has-been school to one of the world best universities in a space of 30 years. Yes I pay a lot but the degree will pay for itself in time.Deal.",97
49,43,12/30/2006,232,63,"Portland, OR",Tempest B.,86,1.0,369,"I went to NYU for 6 years.  NYU does not care about its students.  It is a horrible institution and, if I had a time machine, I would go back and stop myself from ever considering it.  I was there before Loeb was torn down, before they built the 25 thousand more dorms, before the awful Schimmel center went up.  Here's the most annoying thing about NYU: all the administration cares about is getting money so they can buy more real estate and build more things so they can get more money.  That's it.  The students?  Their education?  The community?  Nope nope nope.  Those come in a distant 192nd on their list of priorities. NYU charges Ivy League prices yet don't give an Ivy League education.  The students are given very little guidance and shuffled into classes based on some arcane formula that not many can ferret out.  Probably has something to do with money.  For example: Every undergrad student (except those in Gallatin) have to take a class called ""Writing Workshop"".  That's something like 30 - 35K kids a year taking this class.  Writing Workshop is its own department.  The head of that dept (when I was there) is Pat C. Hoy.  Who edits the book of essays *every* student who takes WW *has* to buy?  Pat C. Hoy.  NYU bookstore won't take the book back to resell, either, because a new edition comes out every year.  Tell me that's not a racket.That new student center with the performing arts center inside?  Ask any NYU student involved in the arts if they're allowed to use it.  Nope.  NYU rents it out.  If you have a recital or a play you've written for a performance class and want to use any of the theaters NYU owns and houses in campus buildings, you can't.  They're not for students, but for those NYU rents the space to.There are some student services, but to find out about them you have to know someone who knows someone who knows that service exists.  They don't publicize many of these things.The beaurocracy makes government employees cry.As soon as you graduate, even before you've had a chance to wave some money at your crippling loans, they hit you up for alumni donations.  Because, you see, NYU is so poor, and they need to buy some more buildings and land and stuff so they can.... buy some more buildings and land.What more can you say about a school that rented out the bottom floor of an undergrad dorm to a wine shop?  Yeah, that's NYU.",130
50,1,7/18/2012,0,,"Beverly Hills, CA",Ann P.,0,5.0,68,Quaint.  Who would think anything in New York would be quaint.  I met up with an old friend from college and we strolled though the campus.  It was like old times.  I love the little book stores and restaurants the circle the campus.  Everything is so small and packed tightly.  The book store was crammed to the ceiling with books.  The restaurant next door was small and had great sandwiches.  What a relaxing afternoon we spent here.,1
51,30,10/29/2008,14,111,"San Francisco, CA",Teresa L.,3,1.0,71,"Go do something else with your parents money and stop making the line so long at Trader Joes.Seriously, NYU needs it's own island,",45
52,13,3/11/2008,119,7,"New York, NY",Miller M.,20,4.0,68,"To review an institution such as a University with the sentiment of being ""right"" in your opinion seems somewhat ignorant.  A University is not a bar, or a coffee shop, where you can choose or not choose to spend your lunch or evening.  It should seem clear (especially to an NYU graduate) that a time period of at least four years will be spent and viewed differently by different people.For me, my time at New York University has been one of challenge and growth.  Many of the previous reviews are true when they say the University does not go out of its way to help students.  However, I have found that when I go out of my way to help MYSELF, the University (teachers, administration) have been more than happy to help.All of my classes (including Writer's Workshop) have provided me with an intellectual challenge.  My writing teacher is probably the best teacher I've ever had.  Many of my friends complained about their writing classes.  Not every teacher will be great.  Some classes were easy, others were hard. Some were boring.  **This is true at EVERY university.  As for its relation to the city, just think of the University's goal: to provide an upstanding private educational Institution that thrives in one of the biggest cities in the world.  Their presence in the city is quite strong, and to be honest, as a student there, I felt nothing but proud to be a part of that.I will admit, you have to have a certain personality to come to NYU, but isn't that true for New York City as well?  Shy bookworms get good grades, but they don't take advantage of the city's endless opportunities.  Party girls usually spend their four years going out, and usually end up in Event Promotions doing exactly what they did in college.  It takes a balanced individual with a clear set of goals to make it (and make it happily) at NYU, because the environment offers many distractions that other Universities are not subject to.If you didn't like your time at NYU, you probably had a dream of coming to New York and didn't really know what to do with yourself once you got here.  I have a lot of friends who were intimidated by the city and rarely went outside their dorm, unless they had class.  If you feel the University didn't ""help"" you enough....what exactly can an administration with more than 30,000 students and faculty do to make you feel as if you got you allotted amount of personal attention?  You are in New York City.  Make it work. NYU isn't perfect, (otherwise they would receive five stars) but no educational institution is.  I find that NYU has done an above average job in balancing its urban circumstance with its educational goals.",57
53,14,8/30/2006,6,17,"New York, NY",Ben B.,0,1.0,18,"I'm an recent NYU alumni ('04) so I can say with some small amount of authority that NYU is not only over-rated but a very poor educational institution.

This will be a long review and I will contiue it later...",50
54,21,12/18/2007,3,29,"Berkeley, CA",Rose H.,0,3.0,49,"Don't listen to their lies- this school has little community factor.  You're walking around NYC knowing that everyone who isn't a student hates you, and most of the people who are students probably think they're better than you, and then you go back to your building to do work, which is boring and unchallenging, and then you cook yourself dinner because it's cheaper than going out and it's tastier than the shit they have in the dining halls, and then you meet some friends, and then you get drunk, and either go clubbing because it's what you're ""supposed"" to do at NYU, or you wander the streets cold as a motherfucker and acting way too drunk for anyone's good.It's bureaucratic.  It's massive.  It doesn't care much about its students at all.  But if you're into that, as many people are, then go for it.  I only gave it three stars because I met some great kids here, and because of Stephen Duncombe's class ""Social Constructions of Reality.""",34
55,4,2/6/2009,124,6,"New York, NY",Nicole C.,3,5.0,299,"Its hard to describe a four year experience in one little review. I don't see how anyone would want to get recommendations on an institution through a website without actually seeing it in person. I will say the following:I recommend NYU for people who are more interested in making career related connections than having a regular college experience. NYU kind of has a campus, but you don't have that sense of community that you must have at a college with a real campus (and football team!).NYU does have wonderful study abroad programs. I was a part of their ""Freshman Year in Florence"" program for international students. You can basically do a semester anywhere in the world, and I highly recommend doing so because it is a priceless experience. NYU obviously has its downfalls, but any university does. Having dorms far away from class sucks, but at least you learn to manage your time, get used to commuting. I had some ridiculously unchallenging classes but I also had some life changing ones. I liked most of the professors in my programs - in CAS. They are also great contacts since most actually work in the field they teach at NYU and you can get great internships as a result. NYU is very supportive of their students in any kind of club they wish to start; this especially since NYU is not really a community based university. They also hold events of every nature, and offer discount tickets to every broadway show or sporting event.I am sure I am forgetting ten thousand things I would want to say about my experience here, but in all, it was the right fit for me, and I guess thats what this is about, finding the right institution to fit your wants and needs.",19
56,7,5/26/2007,42,19,"New York, NY",Kat C.,9,1.0,108,"I give this a one star rating, because I'm a hater and there will always be people who love love love this school.Li Ping is right, I didn't even get to go to school (health problems), and got 400 in photography lab fees taken from me. It's one thing to keep the registration fee, its another to steal and keep supplies bought with money from a student who can't even use the lab.i understand having a degree from nyu can look pretty nice. schools hope that its graduates and alums make the school look good, but I will  not be attributing any of my success to nyui think its a mistake to go to nyu, there are other schools that can take you far(ohh when tours come thru the student center i always whisper, dont go here! bad investment! worst thing ever)",26
57,19,10/13/2010,22,4,"Laguna Niguel, CA",Sage P.,18,4.0,195,"I came to NYU without ever having visited NYC- they gave me a large scholarship, and I accepted. Moving from SoCal to NYC was probably the boldest thing I've ever done in my life.NYU is not your traditional school, but I really think if you can make it here, you can make it anywhere. It's a school that does not coddle you, which makes you choose how to create your own experience. I was put into upperclassman housing as a freshman- not ideal, but my random suite mate is one of my best friends now. I joined a sorority so that I could become involved with charity and events in the NYC community and be able to do more traditional college activities, like have house/apt keg parties. I was pretty active in school organizations. I studied abroad in London and traveled all over Europe with my friends.On the academic end, many of my Professors were/are some of the most influential people in this country. Yes, there are some Professors who aren't great, but that's the case with any school. I graduated a semester early with a double major, and then went on to go to a different law school a few blocks away. The entire time I was at NYU I had internships- in government, PR, marketing and business development- which helped me figure out my strengths and what I wanted to do when I graduated. I doubt most schools give this kind of access to experience as NYU. Not everyone can handle NYU, and that's ok. But to me, it was a once in a lifetime opportunity to live in the heart of NYC with no real responsibilities in the world and only experience to gain. It can be hard to go to a school without sports, lots of red tape or to leave with a lot of loans (as a disclaimer, I don't have any, and that seems to be one of the biggest issues for people and something to seriously consider). However, it is a school that demands that you make yourself and it was definitely worth the experience for me.",37
58,8,4/17/2007,188,3,"Brooklyn, NY",Victor L.,14,4.0,1057,"I went to NYU film. I racked up the credits in high school, and thus cruised through college, taking an Irish Studies minor and loving every minute of it. Nice main campus. Dorms all over town. Largest undergraduate student body in the country. tens of thousands of students both part time, full time, etc. Lots of red tape. Film school bureaucracy really angered me, many professors may have loved film but didn't understand that this isn't a hobby and not everyone can be pretentious and only focus on film. There is a general education at stake, and I wish I could have been more forced to really explore those options.Some random points: Gay Abel-Bey is an excellent advisor. Period. I hated Writing the Essay, but my teacher was so goddamn smart, he was inspiring. Irish Studies, in the Ireland House, is the coolest thing ever.I hate the administration. I really do. I hate everything NYU has stood for in terms of how they go about building their community and how cliched and fake they are. But I can't say I haven't met wonderful people here, and had some GREAT teachers. The facilities are very good. I saw myself going here in high school and I have no regrets, only that I did not learn more general studies (the arts school specifically really focuses on craft rather than general education, which at the time I was like cool but now I was like that's not a good foundation).I can imagine that a lot of yelpers are post-college. Believe me, NYU's SCPS (school of continuing and professional studies) is something you want to check out if you are casual or hardcore about getting your head into a class or 20. An incredible range and easy system of signing up, it really caters to the work force in New York. The SCPS teachers aren't necessarily the most organized or enthusiastic bunch, but the best is to focus on the angle that they are working professionals who have experience. That's the important thing to hone in on.Here's a good example of what's stupid about NYU: The graduate film program got a hot, 10 mil donation, boat parties, celebs, the works. What does undergrad get besides snide comments about how we aren't experienced enough (true in life, but you can't show ageism like that, its totally not cool) and how we're just, well, undergrad. We take the same courseload and work just as hard. To dean campbell, personally you shot me down and I think your admin needs an overhaul.There's plenty more to say, but that's how I feel right now. 1:29PM EST, 4/17/07.",17
59,6,4/25/2006,32,5,"Flushing, NY",Loretta C.,3,5.0,147,"Let's pump up the ratings for our school, people--make every penny count! Make those never-ending monthly payments work!I can't say I have only love for my school ... but I did take a lot away from the classes I showed up to, and I'm at a good place in my life right now. It'd be safe to say that some of the credit goes to NYU.",8
60,4,7/28/2008,20,1,"New York, NY",J. S.,8,4.0,52,wow so I am about to review an institution...hmmmm what to say what to say....for starters I kind of have to agree with Miller M. in saying that you really can not believe you are right no matter what your opinion is....and remember that it is not a restaurant or a coffee shop...so.....As a kid I always wanted to go to NYU...being in Manhattan going to school and living here was like yeahhh boiiiiii the coolest ever!But I did not.....somehow about 6 years after I finished up undergrad I found myself applying for a masters degree....so where else better to go then to the school I had ALWAYS wanted to go to.And here I am attending NYU....I highly dislike what I spend on NYU (well the money the loan co. gives me to spend) A LOT!But besides that I have been getting one hell of an education....almost all of my professors (even adjuncts) have been amazing with the exception of a few.Maybe it is the program I am in or the people I have met but Im so happy I am doing my masters here.....will I be broke as a joke paying back my loans?  Probably.....but even applying and getting accepted was a huge deal to me so all of that plus the great faculty I have encountered had made it worth my while.,9
61,6,9/10/2008,55,7,"Travelers Rest, SC",rob s.,0,4.0,248,"*I didn't attend, but my dad graduated here back in 1949* 1) He worked full time and attend NYU 2) Graduated in 4 years in Business / Accounting3) Moved to Tokyo and found a job4) Married a Japanese woman and had five kids5) And most importantly, paid for all college expenses for all five kids, all out of state tuition.  6) And no, we weren't rich.  Upper Middle Class at most.7) So yeah, he did fairly well ( learning to be frugal and save, must have rubbed off from the Japanese ) and hasn't said anything bad about NYU.8) I think he wanted one of us to attend NYU but all of us went to different PAC-10 schools for some odd reason.  Perhaps it was the weather out west.",4
62,,8/22/2013,54,,"New York, NY",Liona K.,0,4.0,25,Great university with a beautiful campus. Washington square park is right across the street and this is right in the Mecca of NY. Must visit even if you don't plan on attending.,
63,2,4/22/2007,688,3,"Pleasantville, NY",Irene F.,7,4.0,1833,"I got into Stern and didn't go. Ha, yeah, maybe an asshole move considering, but whatever, I didn't want to be in NYC any more (holy moly I can't believe I ever thought that!!). Hennyways.After my freshman year, came back here to take Microeconomics as a summer course. It was awesome. Except it was summer and I didn't want to be studying. But the class was good and I learned my micro hardcore. So, yeah...one star off for summer.",4
64,2,1/10/2006,41,,"New York, NY",Sarah B.,505,4.0,280,"I recommend NYU particularly for graduate students, because what better time to be in the heart of New York than in your mid to late twenties.  Learn on brotha.  Keep readin' sista.  Never stop learning, says me to me and you.",3
65,5,12/8/2011,1,5,"Manhattan, NY",Aaron M.,0,5.0,4,"NYU is truly a prestigous world class institution of higher learning.I do not see why there is so much negativity and lack of appreciation.  I do not see the same negative attitudes at schools like columbia.The facts are simple, New York is one hub of the world.  When all the great researchers, businessmen and women, scientists and people who change the world are in new york, some of them in their spare time teach.  They will either teach here or Columbia.  Therefore my teachers have been from Yale and Oxford, Stanford, Penn and Harvard.  They are change makers.  Why do you think Bill Clinton sent his daughter here.  NYU teaches students to make the changes in the world that the world needs.  It teaches us to be great, challenges us to see a multitude of perspectives and then hones us in to create our own original ideas, and perceptions and develop the greatness within us.  While NYU is not a rich school, and many students cannot afford it, the quality of education is world class, graduate school classes have very few students in them, and we have access to the brightest minds in the world.  We are offered job opportunities in graduate school with companies like Dior or to work at world class hospitals and medical centers around the world.  What more can you ask for in an institution.  I think it is time we began to appreciate the wonder and prestige NYU brings to us with honor and glory. In short, NYU makes it easy to develop original thoughts and connections that help us shape the world grandly.  I am ever grateful for that.",18
66,1,5/24/2006,732,3,"Brooklyn, NY",Krista J.,35,5.0,1177,Proud graduate!  I love NYU!   I should have become a professional student...,1
67,,10/14/2005,248,1,"New York, NY",Diana B.,44,4.0,1607,"Had some great professors, grad and under-  : Micheline Dufau, Jess B. Bessinger, Jr., Alan Hubbell, Robert Raymo, Howard Berntsen...Used to be (years ago) a not very special school. (I transferred in in Sept. after applying in August.) Now, in demand by the greatest students.How nice to benefit today from its present rep!Not all grad students are in their 20's!(See also: reviews of Elmer Holmes Bobst Library.)Some profs DID go above and beyond; others were cold fish to students.",2
68,,6/25/2006,697,1,"Boston, MA",Grace M.,218,5.0,818,"Pat Ma is one of the most awesomestest of my friends from high school when we were part of the Speech and Debate team.  Not only was he cool enough to hook up a friend with a ""guest bedroom"", complete with my own desk, dressers, bed, AND A/C, in his sweet FREE NYC apartment (with free utilities/free board/free everything), he is also a constant oracle of advice and a great listener.  He'll tell you how it is, while placing your troubles and woes in the context of Psychology theories (e.g., Erik Erikson's 8 stages of Life Development---we are both on Stage 6).  After all, Mr. Ma  just finished his M.A. in Psych at NYU.  (Mmmmhmmm.... movin' on to tighter and better things).  He's so freakin' cool that he even told me that I can always wake him up in the middle of the night, if I am ever in need of prophylactics, because ""that is just what we RA's are here for.""  I love you Pat!",1
69,,4/16/2012,7,1,"Manhattan, NY",Ron J.,0,5.0,19,"I love my professors here. Yes, it's true that it is difficult to find a sense of community here, but if you get involved I clubs or volunteering this will not be a problem for you.",4
70,16,3/19/2011,130,26,"Middle Village, NY",Joshua L.,12,1.0,138,"You get one star and here's why: The village is much more a cornerstone landmark than you and you have infected with your lackluster brand of student, what once was an eclectic hub of artistic magic into a sniveling booshwah center for trust fund babies and racially nervous white kids from suburbia USA looking to get laid, get drunk, be a ""New Yorker"" and piss all over any culture or diversity they can find while becoming a lawyer at your reformed conservative University. Once a machine that churned out creative geniuses by the hundreds, NYU is NOTHING Like it used to be and that's why places like The Bitter End are full of rude and apathetic employees who could give a shit about music anymore, just as long as the band draws 20 of their polo shirted friends. It's places like this that long ago abandoned their historical roots and traded them in for a disney land speedpass. The administrative staff is to blame, not the student they create. If their students are only like drops of water in a glass of water then New York will continue its decent into financial madness and seclusion. If they are able to place their moral objective and harness the fire of youth and joy again, I think the entire southern half of NYC can once again be ruled by creativity and total abandonment of the norm, instead of embracing it. This college affects the entire community. It creates a huge part of it! Your moral objectives , in a way, directly reflect those of the community in the most important place on earth that is to be. I hope they think more about that than the income of the student's family and their standardized qualifications.",20
71,,10/10/2010,30,,"New York, NY",Thomas P.,0,5.0,59,Great university with excellent professors and resources.,
72,16,10/23/2006,24,38,"Newark, NJ",Claire A.,45,1.0,85,"I certainly wish there were a way to give NEGATIVE stars ratings. I cringe at even giving it ONE. This is the worst school I have ever attended and I'm convinced that it is run directly by the Devil (I'm not religious). I transferred there from a junior college in CA. When I first showed up to check into my dorm there was not even a dorm manager or whatever the hell they are to check me in. It went downhill from there. When I had gotten my NYU ID, I didn't yet have the required dorm sticker because they hadn't been handed out yet. The security guard at the front desk gave me HELL each time I had to enter the dorm. The first time, they asked where I was coming from. I said ""uhh, California?"" not understanding the question. He thought I was coming from a different dorm. It took a long time to sort it out. Then one day when I tried to enter, loaded down with cleaning supplies for my substandard room, I flashed my ID and the guard SCREAMED at me to come back. He then berated me for not having a sticker. I think they thought I should have an old one, still thinking I was coming from a different dorm or that I should have had one from the previous semester. How could I have a sticker when they had not been handed out yet??? The next time that I tried to re-enter it came up again and when he finally recognized me he said ""oh, it's YOU"". This same guard had an altercation with an Asian American student one day and actually said to her ""Do you speak english??"" She did not have an accent, and had already been speaking to him, so he was simply being rude and racist. I saw her take this issue to the manager. In my whole time there I never saw a security guard who did not treat the students like dirt. The administration of the school goes beyond The Worst. My ""advisor"" was a decrepit old man who failed to inform me that I needed a certain class to graduate, thus screwing up my last semester and making me get special conditions to substitute a class. All the professors I had in my time there with the exception of maybe two, were unextraordinary. I found every person who works for this institution to be Vile. The school is money-hungry scum. They are disorganized and seem to have the students at the lowest priority. After graduating I was so disillusioned with the place that I didn't even bother to Walk. For the amount of money that they are gouging from people, the facilities are CRAP.  It seems grossly out of balance. Here's the worst part: I was actually stupid enough to go back after I graduated and take one of the School of Continuing and Professional Studies courses. Obviously I had learned nothing from my time there (that's what I get for giving it a second chance), because it was equally disastrous. I cannot say enough BAD things about this school. I am horrified that I will be in debt forever because of this institution. It is EVIL. EVIL incarnate. I had so many other bad experiences that they don't even fit here. Plus, I've probably blocked them from my memory, I'm that disgusted. I truly believe that the suicides that took place there (the highly publicized four in one semester were during my last semster... I believe two have followed since I graduated) are a testiment to the school's ineptitude. I actually just looked them up and discovered that someone did a documentary film about them: nyusuicides.com
I cannot believe how unjustified this school's reputation is. I get sick to my stomach when I think that I wasted my college experience there. I hope that this review dissuades someone from making the same mistake. DO NOT GIVE THIS PLACE YOUR MONEY. They are not worth the price. But don't get me wrong, the money isn't the worst part. It's the way they treat their students.

Oh yeah, and don't forget that the place is filled with pretentious jerks. Mostly the staff but inevitably also the students. The administration here is one of the most unhelpful and rude of any I have ever encountered.

Edit: not quite sure why someone rated my review as funny. I'm dead serious about this.",73
73,22,4/18/2006,951,57,"San Francisco, CA",Laura B.,61,5.0,599,"i can honestly say after attending film school at nyu that i know the most pretentious human beings on the face of this planet.  interesting, smart and funny too.  but mainly pretentious.

i have some of the most fond memories of my time at nyu including infamously crashing the law school ball, freaking liev schrieber at the premiere of magnolia, crashing the set of big daddy and getting adam sandler's phone number, staying up all night filming crap on a budget of ten dollars, some 40's, and more than a little hootie hooh (tm, jack m.), house sitting multi-million dollar lofts with roof top swimming pools, playing with ethan hawke's dog in washington square dog park, white trash road trips to dollywood, multi ethnic trash road trips to niagra falls, becoming good friends with people from all over the world, living above the waverly diner and having 2 am drunken pow wows with friends there...basically painting the town red for several years straight.  i could not have had a more enriching college experience.  oh and i learned a lot and stuff too.  i think.

thanks for the syphilis, nyu!  i mean memories.  fuck it, thanks for the syphilis too!",16
74,6,7/11/2008,0,12,"Fremont, CA",Jill M.,0,1.0,6,"It's amazing how overrated this school is. Not only do you come out of NYU with a pretty much nonexistant true college experience, you'll have a $40,000 loan sitting on your shoulders. Facilities suck and teachers are mediocre at best(I go to Stern). If you want to come here just because of the ""city"" - well, don't.",32
75,5,5/8/2009,51,8,"New York, NY",Ariel K.,0,3.0,122,"precursor: I'm and English and Anthropology major undergraduate at NYU. LOVE the teachers and some of the students and of course the area. HATE the politics and the price of the school. AVOID the NYU health center (They will diagnose you with diseases and mental illnesses you don't have). Take advantage of: free food at kimmel (seriously, all the time), being in the honors program (free trips around NYC and to other countries!), living in NYC ( I think Yelp can cover that for you).",8
76,,3/9/2010,24,,"Missoula, MT",Miracle N.,1,4.0,170,"When I was going to college in New England, I came home for the summer. I wanted to do something interesting so I bought a membership at the library here and audited a class at NYU. It was a great experience taking this class and being a part of the NYU community for the summer.  You can learn and benefit from this place by checking it out in a manageable if small way!",2
77,5,5/4/2009,0,1,"New York, NY",jillian l.,0,5.0,2,"Wow, bitter bitter grads on these pages... Just to dispel any confusion, I didn't need loans to come to NYU, I was fortunate enough to have my education paid for (I already feel the online contempt).  That said, NYU is ridiculously expensive, but for those of you complaining about outstanding loans, don't act like you didn't make those financial decisions for yourself, NYU didn't force you to do anything. They let you in, but you said yes and took out the loans, take a little responsibility already. Truth be told, you aren't paying for facilities (some of which are very nice, if disgraceful to the beautiful village architecture), you're paying all that extra money to be in NYC! Not for you to be there you selfish twit, but to cover the university's above average expenses. Yes, NYU is a business, but their expenses, leases, renovations, etc. cost much more than a school in the bumblef*ck midwest or the deep south, logistics are more complicated and cost is just plain higher (look at the indexes, compare NYC to say... Charleston)Also, the bureaucracy is hard to navigate, they're a large school, that's how it goes, I'd like to compare it to other schools of the same size and see how it does (U of Illinois for example), but if you're not an idiot, you can usually get what you need in a few phone calls and appointments. It's called taking care of things for yourself and being stubborn, which I'd argue is a good life lesson to those who expected everything to fall on their lap. NYU is a good fit for independent individuals who are passionate about what they are studying, not douches who thinAs far as the kids go, I was in CAS, but met many people from different programs over the years. There are a lot of people at NYU, and most of them are just not cool (read, extremely strange, often freaky), but after a little bit of sifting, you'll realize that the good crop at NYU is far better than the bros, preps, or frat boys you'll find if you pursue the 'college experience'. I had amazing profs and not so amazing profs, but that's all a matter of research, if you love what you study and actually spend time seeking out good classes and professors, you will learn a lot. Like anything else, you get out what you put in. You shouldn't let the constituency of the school bother you, you're in NY, you're not limited to hanging out with college kids if you hate them so much. Stop being bitter, if you didn't enjoy your time at NYU, it's your own damn fault, or maybe it's only fun if you have mad loot, I don't know, but the price you agreed to pay from the very beginning should definitely not be your main reason for trashing the school. Obviously, everyone's experience is different. This review is all over the place as it's more of an enraged response to dissenters. Quit bitching, take responsibility!",8
78,2,9/15/2008,1146,18,"New York, NY",Jeff C.,14,3.0,1258,"""THE CITY IS OUR CAMPUS"" How cool can one be when you are called The Violets? To add salt to my wound, sure, take my 100k in tuition/room/board, give me no WiFi, then use my money to buy more dorms and upgrade everyone with lockers and free WiFi after I graduate. Follow that up with a call for Alumni donations every month and you have a recipe for a monopoly. Your saving grace is that at least people know what Stern is now. Back then it was only synonymous with being part of a ship.",11
79,8,3/27/2008,9,,"New York, NY",laura k.,0,4.0,14,"Oh man, it makes me really sad that people are giving NYU such poor reviews. The only legitimate thing I have found to be true that yelpers are berating the university for is the fact that it is continuously expanding and taking on more buildings around the city. I can see why this might frustrate some people, but then I could say the same thing about the McDonald's and stupid fast food places that are taking over the area, no? Should NYU really avoid procuring new buildings in order to better the education or situation of the students just to please city dwellers inthe area?And then for those of you who feel that NYU doesn't care about the student body and such, how much attention and attention did you expect from a school with like 50,000 students? Honestly, I feel that the perhaps lack of personal attention from the university helps me become more independent. I don't think I would like it if they helped me through every little thing I had an issue with, or checked up on me to make sure everything was okay. I'm a big girl now and I feel that I can handle most issues on my own. When I feel that I do need help, I can always find the appropriate NYU staff who are perfectly willing to assist me with whatever it is that I need.My experience thus far at NYU has been everything I expected and more. I applied only to urban schools, and after living in the city finally feel like I found where I belong. No, the city is not for everyone, and neither is the school. But they are both certainly for me. NYU has provided challenging classes for me and has helped me create various networks throughout both the school and the city. This school has greatly expanded my horizons in multiple ways. I'm not entirely sure why people don't feel that there is a community here. True, a smaller school may have more of a community feel, but how much community do you really want with this many undergraduates? The first couple months of school I do remember thinking there was a lack of community, and because of that I specifically went and looked for events and activities that promote it. And guess what? If you really want to feel that you are part of a community, all you have to do is try. No, it may not happen on its own, there are no football games that everyone can get excited over, but if you look around there are more than enough opportunities.NYU has already shaped me into a confident, independent, happy person and I'm not even halfway done here. There are so many opportunities for whatever it is that I am looking for, which has certainly helped me become more well-rounded. I am so thankful to have gotten into this great institution, and although I am paying a ridiculous amount of money to go here, I feel that it's worth every penny. Yes, I could have gone to a state school that I could afford, get a decent education and gone on with my life, but nothing could compare to the experience that I am getting here, I am only sad that it is passing so quickly. I look forward to the rest of my time spent at this wonderful university and can only wonder what it has in store for me next.",15
80,1,1/2/2006,153,,"Los Angeles, CA",Michele W.,0,5.0,308,"A fantastic school. I attended two other schools before going to NYU and there's just no comparison. While as in any school, the bureaucracy can be annoying, most of the professors are fabulous and they actually care about educating the students. Nine times out of ten, they go above and beyond. Great location, too.",9
81,2,9/2/2008,440,,"Brooklyn, NY",Dan B.,42,4.0,973,"I liked visiting the NYU campus.  Of course we all know that it's a great school academically, but as far as the campus goes, it offers the unique experience of being a campus organized yet scattered in Greenwich Village.   You don't have a singular united campus like in Columbia but rather an array of buildings spread throughout the streets.  The area itself is optimal.  I mean, Greenwich Village, foggetaboudit.  You have some great bars, restaurants, and jazz clubs right near by.  Also, Washington Square Park, a lovely park is right there.  I would love to attend NYU but moreso would love to attend Columbia honestly.",5
82,2,8/8/2008,11,6,"Philadelphia, PA",Bayisana B.,4,3.0,7,"K Tempest, your review about NYU is going to give the president of the school quite a number of sleepless nights because it will cost the school a number applicants which in turn will lead to a lax enrollment policy in the event of a less applicants, which in turn will lead to less talented students because of a smaller applicant pool, which will in turn lead to not the smartest graduates being churned out into the real world compared to the Columbias/Harvards/Penns of the world, which in turn will lead to not as high regards for the school and back to the beginning of the cycle. Yikes!",3
83,1,1/25/2007,40,,"NY, NY",Tom L.,2,5.0,102,"World-class institution, in no small part because it's in the middle of the most awesome place on earth.",3
84,2,3/8/2006,94,,"Brooklyn, NY",Omer N.,0,5.0,35,"Ok obviously this is biased. But I love NYU. I got into a bunch of schools, not to brag, but I chose NYU because of the fact it is right in the middle of it all in NYC, and although education in the classroom is important, I feel you learn more outside of the four walls of an enclosed campus. Therefore NYU made perfect sense, a non enclosed school, which calls the entire New York City its campus. Love it",2
85,5,10/8/2009,30,9,"San Francisco, CA",Kim C.,6,1.0,41,"NYU is lucky they are NYU.  I called seeking information and the wench that picked up says ""you have the wrong department.""  I apologized and she hung up on me.  HELLO?!?  CUSTOMER SERVICE you SOB!!!  I have never had anyone been so rude in my life.  I wasn't even mean to her at all.  WTF!  She could have at least transferred me or referred me to a different department.  Maybe she's off her meds and needs to score more.  NYU can go f themselves if this is the type of people they want representing them and ""assisting"" students.",17
86,,1/12/2006,5,1,"New York, NY",Tara S.,0,4.0,98,"Great location and it acts as a wonderful conduit to an amazing city for undergrads and grad students. The professors are well rounded (for the most part) but watch out for actions by President Sexton, he's a snake.",1
87,2,12/3/2009,2,2,"New York, NY",Mary P.,0,2.0,5,"I'm so glad I can add a review for this institution. I almost went here for undergrad but got into my dream school and went there instead. I guess it's good for some, but I would encourage someone who is looking at colleges to keep looking. For some reason I decided to go here for grad school. What a fat fat mistake. I mean, the city is cool. I still live here and love just about everything about it, but NYU is a completely different story. The academic experience left much to be desired. There was a shortage of good professors, and too many of the students seemed dense. ....what else...? I'm up to my head in loans. No surprise there though. ...The loans wouldn't really be so irksome if I felt the education and overall experience were worth the expense, but they just aren't. Career services aren't that impressive, and the administration/red tape is awful. They act like you owe them something. This place really is just a business--they charge you up the wazoo for tuition and don't do much to assist you. If someone wants a great education in NYC, I'd skip NYU for undergrad and even grad school, unless, of course you get into the business, med, or law schools. Those are the only worthwhile programs. I will NOT be donating any money to them, that is for sure.",4
88,7,11/30/2010,0,3,"Montgomery, PA",Claude N.,0,1.0,27,"First of all, one has to separate NYU from NYC.  You can love NYC (as I do) and still dislike NYU.  That said, NYU was a terrible experience for me.  Never in my life have I experienced such negativity and hatred.  I was in the film program, which was populated mostly with students who honestly believed that all films were terrible except for the films that they were going to make. Creativity and curiosity were frowned upon at all costs. The only acceptable response to anything was to sneer at it and then put it down. You wouldn't dare admit to liking something.  This attitude was not limited to the film program.  At NYU, every major hated every other major, and the students made no efforts to conceal their contempt for each other.  And, for a ""school"" (a term I apply loosely because there was very little in the way of education happening at NYU) located in the Village with a huge theater arts program, there was a surprising amount of homophobia among the student body. Thinking back on it, I realize that there was something seriously wrong, like a sickness, at NYU.  So many people that I know made lifelong friendships at their colleges, but I am not in touch with anyone from NYU.  Not that it was possible to form real friendships there.  It was a very destructive place, filled with anger and hatred, and I left after two years feeling defeated.  Isn't college supposed to be a time of self-discovery, of broadening your horizons and coming into your own as a person?  NYU preached conformity at all costs; I felt as if I were back in middle school.  As for the administration, I believe its only goal is to acquire real estate.  I remember touring the campus and the guide said, ""We like to think of New York as our campus.""  I suspect that the administration's goal is to buy up as much of Manhattan as possible and make it, literally, NYU's campus.  The only good thing I can say about NYU is that it is in NYC. The city offered a wonderful escape from the sickness of NYU and to this day, I feel at home whenever I return to it.",25
89,2,5/9/2009,0,3,"New York, NY",Marie M.,0,2.0,13,"NYU, in my experience (Tisch), has been satisfactory in terms of lecture content, but totally inadequate as far as human relations - stuff like student affairs, academic counsel, mentorship (or lack thereof). Basically, this place leaves you on your own and offers only the most formal of resources that are hard to access and often confusing in structure. Staff behind desks at almost every department I had contact with are pretentious to the extreme and willingly unhelpful. I had more attention as an UNDERrgraduate at a different school! Overall, not worth the money.",5
90,,2/26/2011,0,4,"Springfield, MO",yelp y.,0,1.0,1,"I attended NYU Tisch School of the Arts 15 years ago and got a worthless Liberal Arts Master's Degree and all it did for me was rake up $50,000 in student loan debt with Sallie Mae. The classes were a joke. In many of the classes, the teachers lecture for 5 minutes then assign books for you to read and that's the end of the class.  They are never there for you. At a retreat at the end of the year they shrug and say, I don't know what you can do with this degree but here is a list of alumni and what they do. They treat you like dirt at the bookstore, holding up a $100 bill you gave them as if you are a crook, they treat you like dirt in the financial aid office, they treat you like dirt at graduation, snapping at you for not handing your gown back to them in the proper manner, the career services is no help, and then when you return home with your tail between your legs, jobless nad in deep for the rest of your life with Sallie Mae, you are inundated with phone calls and letters asking for money. The dumbest decision I made was going here. If only Ihad the internet back then, I could have researched everything. I'll be paying for this the rest of my life and nobody will pay me ever. I'm bankrupt, miserable and suicidal, all thanks to NYU and Sallie Mae.",6
91,2,7/5/2007,19,4,"New York, NY",Kat B.,0,4.0,128,"Oh NYU, the stuff of memories...It's a large, beurocratic school, what do you expect? I spend most of my days and nights in bars in the East Village. And showed up to class sometimes. Somehow I made it through. I never got kicked out, and I never even got in trouble! I smoked pot in the dorms (shhh, don't tell) and drank in the courtyards (our secret). I was in a sorority (yes, they exist), and managed to extort money out of NYU's pocket to fund our wild parties. And I never got fucked over by the system either, I've asked for countless transcripts and they've sent them out right away. I've even talked to some Registrar representatives over the phone, amazing, I know! And when I started my teaching job, the School of Education was quite helpful! All in all, quite a good experience, before and after. Though the sports teams could use an overhaul (who wants to practice softbal at 10pm?). Minus one start for the ungodly price and for not having a student center 3/4 of my years. Oh yeah! And they have a Vegan Night at my old dorm. And the lady at the dining hall there remembered me from 9 years ago! If that's not dedication, what is?",4
92,2,2/13/2007,9,2,"Brooklyn, NY",sveta k.,0,3.0,49,"ah nyu, when i was applying it was NYU or bust, it was the only school i wanted to go to, educationally speaking--it was ok, their communication disorders program is really NOTHING to brag about (undergrad), i hear the graduate school isn't any better for speech sciences, but i had a great social life!  the best thing about nyu is it's campus--manhattan is your playground & back when i was in school washington square was the coolest place on earth!!",3
93,,1/23/2007,28,1,"Brooklyn, NY",Olga R.,4,5.0,114,"okay, NYU may have a pretty mediocre college of arts and science, but the business school is stellar. no wonder you have complaints.",1
