,er_name,er_location,er_freinds,er_reviews,er_photos,er_rating,er_date,er_text,er_useful,er_funny,er_cool
0,Carolina S.,"Brooklyn, NY",1722,604,7753,4.0,3/20/2018,"Anotheroom is my fave little low key bar to pop into before I head to a movie at the Roxy Cinema.And I was back again on Friday and this time I put on my glasses. It felt dark in there and I noticed everything! The menu had a great list of craft beers but also a house lager at the affordable price of $4. And then at the corner of my eye I spotted some tiny jars with lids. They sell individual snack jars of Marcona almonds that are seasoned and incredible. They were perfect pair for my beer. And hot tip: the best and cheapest movie theater snack! So happy I was wearing my peepers! The bar is narrow but has a couple tall tables, a group table, some front summer seating and a 10 seater like bar. The art is always kinda fun. This time it was a crushed soda can, some cigarettes and an expandable ruler. If you can make it to happy hour then you can really partake on the deals! *$2 off selected items! This place is CASH ONLY! So bring dough and avoid searching for an ATM and fees.",5,3,6
1,Solstice Travel S.,"New York, NY",40,21,57,5.0,4/10/2018,"Nice cozy place, intimate and dark.  Food is not served here but if you would like a nice place for a first date just to have drinks or to talk this is a good spot.",1,,
2,Keleigh C.,"Columbus, OH",72,8,0,5.0,1/14/2018,"Everything is by candlelight, the wine is excellent, the music is whimiscal and the experience is just lovely. Wine and beer, enjoy bitches",1,,
3,Frances H.,"New Rochelle, NY",0,38,0,1.0,10/17/2017,One weekend a very disturbed bartender literally ran me out of the bar and threatened me when I ordered a first beer.  I was the only person there and didn't even say anything other than to order.  He threw my money back in my face.  I see other people here have had the same experience.  He was so angry and unstable!  When he threw me out I asked him his name but he refused to say it.  So bizarre.  Beware.,3,,1
4,Chloe G.,"Manhattan, NY",0,58,2,5.0,2/19/2018,"I've been coming here for years and always love it. It's low key, chill and perfect for a date night, or a night out with fiends. I love it because it's not super loud, you can have a conversation with the people you are with, and it's a great vibe. It's a small place, but very cozy and great wine selection. They only serve wine and beer , so if you want hard drinks, this isn't the place for you. But I love it and always bring friends here. Not to mention it's a great hidden gem in TriBeCa",,,
5,Reg B.,"Cork, Republic of Ireland",95,584,75,4.0,4/20/2017,Decent looking bar... quiet the night we visited but the beer was a friendly price and the staff were really nice... kinda industrial interior with pipes and mental tables but it works. The big draw is maybe the outdoor seating where one can watch the world stroll by. An addition to the neighbourhood crawl for sure...,1,,
6,Deirdre L.,"New York, NY",2,56,11,4.0,10/1/2017,"I actually really like this place despite the variable service. I've probably been about 5 times and had one great bartender, the rest were just ok. But I love the ambiance and the music is always great. Pretty chill place to go with a friend and not spend a ton of money. Decent wine and beer selection. There's an outdoor patio, too.",1,,1
7,Nadia M.,"Chula Vista, CA",81,4,0,5.0,11/4/2017,I've only been once but loved the selection of beer and cider. I enjoyed the music and the bartender was very nice (let me charge my phone).,,,
8,Laura S.,"Manhattan, NY",226,387,698,4.0,8/6/2015,Pretty cool hidden bar out in TriBeCa. Dimly lit with a chill atmosphere. Come here if you're looking for a nice place to grab a drink and chat.BEER AND WINE ONLY! No specialty cocktails or food so don't come looking for anything super fancy.,3,,
9,Stephanie Q.,"Boston, MA",496,1574,1473,5.0,5/6/2015,"Love this bar. Dark and lit with candles. Great date spot *hint hint*.Went on a weeknight and I was able to get seats. There are couches at the back. I saw some women's legs, she was busy putting her legs across some guy.Good selection of beers and wines. WIll be back.",3,3,1
10,Alex O.,"Manhattan, NY",177,1,0,1.0,7/5/2017,"Long haired bartender was close to if not the worst bartender experience I have ever had in my life. Verbally abused and berated my friend who simply asked for a beer drink and paid with a $5 bill for the cash happy hour for a $5 drink, only to be told ""thanks for the generous tip."" When my friend attempted to explain he planned on getting another drink and tipping at the end the long haired bartender responded ""sorry, that's your last drink."" The bartender then proceeded to run outside after my friend, tear his drink away in public, and then crumple up and throw his money in his face, completely in view of the very few customers surrounding us. Could I give less stars I would. He was a complete embarrassment to the profession and disastrously tainted the opinion on the bar forever. Avoid at all costs. I honestly questioned the man's insanity in the way he responded to a customer who in no way meant disrespect.",9,4,2
11,Kelly H.,"Dallas, TX",51,34,11,5.0,9/28/2015,"This place is tiny, so it's easy to miss, but in the midst of the greatest, most hustle-bustle city in the world, it has an amazing neighborhood charm despite it's cool decor factor. Alex the bartender was adorably congenial, helpful in selecting what to order, and, well... just plain service-oriented! I am born and raised in NY and would recommend this hidden gem for anyone looking for a modern, chic, yet unique and understated gem in the heart of Tribeca!",,,2
12,Will R.,"Portland, OR",99,534,25,1.0,2/27/2016,"It looks way cooler than it actually is, that was my first impression. After asking about a few beers on both their tap list and bottles list I just walked out. They were out of so many beers, which is just frustrating when they leave them on the menu. They had something around 80 combined total beers, they didn't have one stout available. If you're going to have a craft beer bar you'd better have at least one stout on the menu. The people hanging out inside seemed nice, the super hipster bartender was however not in the least bit nice. She almost acted with disdain as I asked about their unavailable beers, and then went back to looking at Facebook on her phone. Given the combination of unavailable beers and poor service I won't be back. It's a pity too because their space looks so inviting.",5,3,
13,Katherine B.,"West New York, NJ",175,146,181,3.0,3/29/2016,Cute little lounge. Kind of too dark for my taste and they aren't open as late as other places in the area. Nice selection of craft beer but nothing out of this world.,1,,
14,Mai W.,"Fort Lee, NJ",81,12,0,4.0,12/31/2016,"It's a rather smaller bar, but it's dark and intimate (based on the other reviews I thought this place would be pitch black or something but honestly it wasn't THAT dark). Perfect for a date or smaller groups. Their music was good (The Smiths, Chvrches, etc). As other reviewers stated, they only serve beer, wine, and a few selections of sake if I remember correctly, as well as some non-alcoholic drinks. Only con was that the drinks that my date and I initially ordered weren't available and they didn't have any signs or marks to indicate that, which would've been helpful.",1,,
15,Eric J.,"New York, NY",497,923,1710,4.0,3/30/2014,"Definitely one of my go-to places in Tribeca for during the spring/summer. This is a mix between a dive bar and a low-key lounge, which is probably the best hybrid there is in Manhattan. If you're lucky enough to grab one of the tables outside on a warm, sunny day, you'll feel like you just hit the jackpot. Ain't nothin' like it. You'll have better luck with that if you get there around 5:30pm. It's never terribly crowded, but those outdoor tables are a definitely a hot commodity.The bar in itself is a small space, super dark, candle-lit and intimate, likely better for smaller groups. The crowd is very chill and you won't see There's usually only one bartender, and they don't serve anything except beer, wine, and spirits here, so you should go elsewhere for food. They play some pretty sexy music, and the beer list is pretty impressive. Prices are pretty average ($7-10), but they're nicer beers, so it's not so bad. Also, as there is usually only that one bartender, service can be kind of spotty sometimes, but they're usually very responsive with direct requests. Overall, definitely a spot I'll continue frequently during the warm weather months.",7,,
16,Nik R.,"Brooklyn, NY",42,83,153,4.0,8/1/2015,"Located in the corner of N Moore St and W Broadway. Quiet bar,  only for drinks. Only lighting is by candle light,  warm and cozy feel. Sat outside and enjoyed the view of WTC while enjoying a glass of wine.",1,,1
17,Joe B.,"Atlanta, GA",3,23,0,5.0,5/22/2015,"Loved it at Anotheroom, bartenders were knowledgeable abt their extensive beer list and occasionally laughed at my jokes.  would've given them 6 stars except for the fact that they didn't return my 27 voicemails.",1,4,
18,Daniel B.,"New York, NY",410,620,356,4.0,6/25/2013,"All of these Room-related bars have a) great selections, b) good bartenders, c) fantastic soundtracks.  This one is like that but also has some outdoors seating and an open front.  Swell.  - ~$8 for beers.  - $10 minimum for credit cards.",2,1,
19,Ali M.,"New York, NY",31,234,245,3.0,2/2/2015,"IN SHORT: Beer and wine are the only staples at this dusky TriBeCa watering hole, related to The Otheroom in the West Village. Nonetheless, the velvet benches and candlelit tables make it a promising spot for a pre-dinner drink with friends or a date in the area.THE STORY: While the drink menu in this dimly lit, narrow space is limited only to a few dozen beers and wine by the glass, guests for happy hour right after work or just before dinner will be able to find an exciting list of seasonal and European brews, in addition to a wine list appropriate to a more established wine bar. Somehow, the bar is never too crowded, and the decibel level is kept to a minimum, promising easier conversation. The result is a lovely corner of the neighborhood made for comfortably classic drinks with just a friend or two.",2,,1
20,Try N.,"New York, NY",1,34,38,5.0,11/3/2013,"My local hang. Bartender Adam's the best; incredibly funny and friendly, knows his beers, great playlist and is a total knowledge bank of anything music! Pick his brain when you're there.Vibe at Anotheroom is unpretentious and perfect for a neighborhood hangout and casual conversations with strangers; dark, industrial, candlelit, great selection of beers. Encountered a few celebrity spottings with their dogs.Love the outdoor seating!",1,,
21,Amelia C.,"Jersey City, NJ",281,248,376,5.0,5/3/2013,"Loved this place! Came here for after-work drinks on a Friday. Fantastic beer selection and a great vibe - unassuming and relaxed outside seating with two picnic tables (good for groups of 4-8 ppl) and a few small tables, and hip and candle-lit on the inside (great seating and standing room, with cute crescent shaped tables and comfy booths lining the walls). The music was great - not for dancing... but just loud enough to make things comfortable, and soft enough to have a nice conversation with your friends without having to shout. Definitely coming back.",2,,
22,Bill D.,"Portland, ME",3,13,5,1.0,11/12/2014,"I don't know what the other yelpers were thinking but this place was bad. The bartender was obnoxious to the point, I asked him if we did something wrong. I had come here because of the write ups on yelp about the happy hour. His response"" I do not control what people put on yelp but we have no happy hour"" the drinks sucked and food was ok. Be warned stay away!!!!!",5,2,3
23,Lori G.,"Danbury, CT",38,116,164,4.0,11/27/2015,"Decent size small bar. Big enough for 10-20 small groups but can still feel intimate. The dark walls, dark doors and low lighting create the intimacy. Hugh's selection of brewery beers and a decent wine selection. Like that they have non alcoholic drinks listed and the prices as well. Bar stool I sat on was broken.  And the service was without a smile that night but could have been an off night. Highly recommend the sister bar - the Other Room in the west village. Slightly small but has a lounge area in the back for groups or cozy dates.",2,1,2
24,Na-Ne M.,"Manhattan, NY",48,112,12,2.0,1/8/2015,"The decor and comfort of the bar is pretty damn good. The service and drinks, on the other hand, need work. The (bad pop) music tends to be too loud to have a conversation and it clashes with the atmosphere you think you have entered. The beer selection is decent but nothing special while the wines are barely drinkable and overpriced for what they're worth.  The bartendress couldn't care less and was very unfriendly.",1,1,
25,Alyssa H.,"Los Angeles, CA",142,542,28,4.0,1/24/2015,Love this place and its associated bar the other room. Great for meeting up with friends. Lots of beer and wine selection. Dim and cool but not trying too hard. The music is pretty loud so it's not great for intimate conversation.,1,,
26,Keyonna C.,"New York, NY",0,17,5,5.0,7/6/2015,"I was taken here by some friends after work. it was about a 5min walk from Trump Soho. Great place, LIVED THE VIDE AND DECOR.Would be great for a date .Pretty small place but doesn't feel claustrophobic . Can't wait to go backGreat prices aswell",,,
27,Yan T.,"Manhattan, NY",2501,1704,228,5.0,9/17/2012,"I can't get enough of these Room-family lounges. Great beer, great wine, open-air front-end seating with little dark nooks in the back. This one looks busier than its sisters, probably due to its relative proximity to FiDIand the concomitant afterwork crowds. The only thing I could have done without was the smoking at the table right outside since the front of the place is wide open. It didn't bother me, but my friend was right in the path of the billows.Come earlier if you want to sit.",1,1,2
28,Justin W.,"Chelsea, Manhattan, NY",89,252,475,2.0,5/24/2014,"Although they only do wines & beers, they don't seem to carry much stock. We went on a thurs evening at 9pm and they had run out of their only sake & their pinot noir!The music was so loud that it was off putting & no chance for a conversation inside. Disappointing.",2,1,1
29,Karyn K.,"Manhattan, NY",0,2,0,4.0,5/16/2016,Just happened upon this place. It's a lounge vibe with great selection of craft beers. They don't serve food or liquor. They do have wine though. Really chill vibe,,,
30,Kimberly S.,"Honolulu, HI",25,35,10,1.0,8/4/2016,"** BEWARE- Shady happy hour bartender added a $14 tip for himself after I signed my cc receipt (on a $6 beer which I added a $2 tip for)! He seemed high and confused the entire time. I'm not sure he was the only person running the bar during happy hour, which was fairly crowded. Luckily my bank was helpful in getting me a refund but it was a hassle I could have done without. Although this place has potential, it is VERY dark and rundown inside. Will not be returning.",2,1,1
31,Siv L.,"San Francisco, CA",189,822,44,4.0,2/17/2013,"Came here for HH with a large group of friends. Although it can be quite dark, the bar has ample seating (high benches along the wall) providing a nice cozy area for friends to congregate, especially during cold wintry months.Overall a good experience.",,,
32,Olya S.,"Toronto, Canada",44,88,6,4.0,1/4/2016,"I was a wandering tourist passing by for a drink. Tiny, delightful, with fairly priced wines and a chill atmosphere. I came here alone and had a nice glass while relaxing after a long, late walk.",,,
33,Jay S.,"New York, NY",0,2,0,2.0,6/22/2015,"I love this place! but I had a bad experience when I came here with my friends. The bartender wanted to keep my credit card like other places, and I gave her,,the bartender never explained about how they charge when customer deposits their cards. I closed the bill and it was under $10..after 2 days,I checked my bank account,,they charged me $20, so I went to the bar to refund but the manager was on vacation. I left my info to barterder(she was very kind) she told me the manager will contact me after his vacation. I couldn't hear anything from manager even I left my phone#, I went to there again with a receipt and luckily the manager was there. what a hassle!! He explained about their system...blah blah blah..He told me he will contact the company and will refund. yes, I got refund $20 kindly. However, this experience made me make yelp account.Be careful! Check your bank account after you deposited your card!",3,1,
34,Jen J.,"Dallas, TX",0,4,0,4.0,2/2/2016,This is a cozy spot with a warm atmosphere. Dimly lit with candles and comfy vibe...fairly good wine list. Had a great night with friends and will definitely return.,,,
35,Chas K.,"Boston, MA",206,370,12,5.0,6/30/2013,"A fantastic list of craft beer on draught, sassy and upbeat bartender (Megan), charcoal grey walls that give the illusion that the bar is only half a deep as it really is and protects you from prying eyes on the street ;) , candlelight, avant garde music and a huge, clean bathroom. Very New York. Very cool. Very much on my ""must return"" list. I was there two consecutive nights. Please let me know what you think of this review by clicking a button below. Thanks.",7,1,2
36,Jackson S.,"Brooklyn, NY",21,17,0,5.0,5/16/2015,"Alessandra (Alex) is the most attentive, kind,  and swift bartender I've ever seen working solo on a Saturday. I was wandering through TriBeCa killing a couple of hours and she was conversational without being invasive.The bar itself is cozy and modern. A large screen displays video along with music at the bartender's whim. For me it was surfing footage with Led Zep. I casually mention my two beers and an empty stomach made me drunk and she brought me ice water and popcorn.Outdoor seating and romantic indoors with candles. So good.",1,1,
37,Sara S.,"New York, NY",137,127,484,4.0,1/7/2014,"My initial impression of Anotheroom: a hip bar that is ideal for an intimate date - whether with 1-3 friends or a real datedate. I went recently with my bf to kill time before a birthday party and we fell into a deep conversation, enabled by the soft music and dim lights as we sat on the booth along the wall. Anotheroom offers a large selection of beer and wine, and the bartenders are nice enough to help you select a beer based on your likes. Clean bathroom!",,,2
38,Justin S.,"New York, NY",853,480,83,5.0,12/31/2012,"I was ambling around SoHo/TriBeCa with my friend recently with the wind howling and the freezing air going right through us, so we were on the lookout for a cool stop to duck into for a drink and some warmth. Anotheroom fit the bill and then some. When we went in around 7:00pm on a Sunday night, the place was quiet except for the bartender and one other person. A dim, cozy room lined with plush banquettes, lit with flickering candles and interesting art on the walls makes for a welcoming scene.The chalkboard above the bar highlights their offerings including about 12 beers on tap, many more in bottles, a nice selection of wines by the bottle and glass, and even sake, port, and few other random items. My friend went for red wine and the bartender's thoughtful suggestion of a 2007 Rioja was fantastic. I started with a Weihenstephaner Dunkel Weiss and moved on to a Blue Point Rasta Rye, both of which were great. I'd say I preferred the Rasta Rye more for its amber color and bracing, hoppy taste, whereas the first beer was a sweet unfiltered German wheat beer. As we whiled away a couple of hours, more patrons found their way in. We loved the awesome, but unobtrusive music as well. Overall, a great little spot to go for a drink with friends or a date. This is definitely my new TriBeCa go-to for a casual but stylish drink spot.",4,1,3
39,Alice M.,"London, United Kingdom",174,194,33,4.0,4/26/2013,"I am a bigger fan of the Otheroom on Perry Street.. but this one is equally cute and unassuming, with the same black matte exterior, and warmly lit bar...Anotheroom has a similar lay out and feel to White Star, which was on the Lower East Side, but less divey.I like Anotheroom for its speakeasy qualities, of being tucked away from the hustle and bustle of the city, and its intimate space.. but I've come to associate speakeasys with mixed cocktails, and was a bit disappointed to find that their bar selection was not inclusive of any scotch. Their beer and wine selection however, is wonderful.",2,,
40,Joe S.,"New York, NY",330,578,37,4.0,12/19/2011,"I really like this place! It's definitely not what I would call a ""lounge,"" but not a regular old bar either. It's a small space, all lit mostly by candlelight. One bartender, so the service is a bit slow. $10 min on credit cards, huge wine and beer selection written in illegible chalk above the bar. I'd come here for an after dinner drink, or a drink date after work for sure!",,,
41,Jason E.,"New York, NY",0,29,0,4.0,3/14/2014,"Another Room is the kind of bar that I'm tempted to give a bad review just so I can keep the secret to myself. An unpretentious, inexpensive bar in TriBeCa that has a great selection, friendly bartenders, and intimate atmosphere without being too small. You cannot go wrong with this place. A perfect spot when it gets warmer, too. They put tables outside and you can spend all afternoon people-watching.",,,
42,Matt F.,"New York, NY",0,6,0,1.0,10/13/2015,"I walked into this bar -- which is small, fake-Divey, and  empty -- and wanted to wash my hands before ordering a drink.  I asked the bartender where the restroom was and he was overtly hostile --  like ""really ??  You want to use the bathroom ? Who does that ?""   Answer is : everyone.  This is a totally normal request --  just a super hostile guy.  I. was thirsty and waiting on a friend so I had a drink anyway , but only go here if you want an angry guy glaring at you for coming into a bar because he hates his life and this job is such a burden.  Go next door , go anywhere else, there are lots of places that are welcoming and care about service.",1,4,
43,Wendee M.,"Brooklyn, NY",275,187,31,4.0,9/14/2012,"Such a small cozy spot with the most comfortable bench sofas. I used to go to school not far from here and it was always closed; either that or no one was ever inside. While waiting for a show to start at the Canal Room, we were bar hopping and came across Anotheroom, open for business.They have an awesome selection of imported beers. We all tried something different and made ourselves comfortable. We didn't stay long because the show was gonna start. It's a nice, chill, dimly lit place to bring a date as well. And if you're not that type of person, go next door.",1,1,
44,Louis R.,"Jersey City, NJ",2299,2044,801,5.0,12/20/2011,"Geezus.Some free advice for ya...if you have a 2nd date with a dope honey, take her here.Terrific selection of draft beers and wine...dark...like your eyes need to adjust coming out of the bathroom dark.Lots of candles, couches and baby-making tracks playing.If you aren't making out with your date within the 1st hour of being in here...you better buy a Tony Robbins self help CD, homeboy.   Ya feel me?",14,50,12
45,Leo K.,"Brooklyn, NY",238,442,483,3.0,5/12/2013,"Overall good beer selection and vibe, but very small and dark inside, and can get very crowded.They have two large tables outside, where you can sit and drink, which was my favorite part of the whole place.They serve only wine and beer (draft and bottled) and that's about it, meaning if you are hungry or want to do anything other then drink those two things (like dance, sit, drink hard liquor, eat) you will still need to hit up another spot after to get those things.Not sure if there was anything here that would make me choose coming back here over anywhere else in the area.",,,
46,Andrea M.,"New York, NY",3,36,13,4.0,10/22/2012,"Nice, small cozy spot.  Very comfortable sofa's.I like the dark nooks along the side of the bar and the outdoor tables offer a different scenery.Great place to chill and chat with your friends.Nice selection of imported beers --they had Duvel which i became a big fan of.FYI - they only serve wine and beer (no liquor)",1,,
47,Christopher J.,"Matawan, NJ",19,89,40,4.0,11/10/2014,This place is very small and inviting.  The beer selections were above expectation and the prices were reasonable! I will be back to drink here if i'm in the area!,1,,
48,Gordon C.,"Queens, NY",439,440,46,3.0,3/4/2013,"Great ambiance and great beer selection.This is a solid date bar. It's dimly lit, music isn't obnoxious, and the bench along the wall is very comfortable all while affording you the opportunity to do a little bit of people watching. Only wine and beer here.",,,
49,Rick K.,"Manhattan, NY",0,84,0,4.0,2/21/2016,"Awesome little, cozy TriBeCa gem. Great for before or after dinner drinks. Stripped down, straight forward, and its great.  In the warm weather, a great spot to sip a beer or wine outside.",,,
50,Rafael Y.,"Manhattan, NY",148,116,36,4.0,7/27/2014,"Coming here might look kinda scary because it is super dark in this place. This is properly one of the darkest bar's i have ever been too. Although they only sell wine and beer, it doesn't look like they stock up in most of their beers because every time i ask for a beer they tell me they don't have it. This is one of the go to place for the summer, to me this place it like a low key bar just like maslow6. There are benches outside and hardly gets busy. Overall the bartender is super nice and friendly and i soon will be coming back for a drink and its also good for little meetings, get together's and etc.",1,,
51,Vanni P.,"New York, NY",132,574,2,3.0,11/20/2012,"I would not struggle for a second to believe that this teeny spot has more room for beers than people. Clearly unassuming, Anotheroom reveals it's true purpose once you take a look at the sizable beer list. Mind you, you won't be blown away if you compare to, say, Radegast in Williamsburg, but an honest job for Tribeca.",,,
52,Inna L.,"Jersey City, NJ",52,85,410,5.0,12/19/2014,"That place was super cute an cozy. Came here for a drink after work around 7. There were plenty of seats at the bar and an open table or two. It's a good thing we had a chance to get a seat at the bar because by 8 people were huddled behind us trying to get drinks. There's a big chalk board with the menu posted above the bar. I didn't enquire I to it but almost certain they only have beer and wine. Really small, incredibly dark, so if your makeup looks bad this is a good place to go because you can barely see anything. They were playing pink Floyd when we came in which I thought was interesting for background music. It was also really warm inside which is really noticeable when you step inside from 30 degree weather. Service was good, beer selection excellent",,,
53,Keith T.,"Manhattan, NY",100,519,43,3.0,6/3/2011,"A story before my review:I'll admit it: I do online dating. I don't go on a lot of dates, but it's a fun way to meet new people. Last week, a guy contacted me on OKCupid. He was terrifyingly forward, demanding to know if I was ""a professor."" He then said he'd like to meet me because, as he put it, I seem successful and he'd like to get to know me. On top of all the creepy aggression, he and I had 4% compatibility according to the website. Four. Percent. But he was insistent and, at the urging of my friends, I agreed to meet him, if for no other reason than to get a good story out of the deal. So we agreed: we'd meet at 8:30 at Anotheroom. He confirmed this the morning of.So at 8:25 (I'm a punctual man), I arrived. I grabbed a table in the back. I texted him to let him know I was there. He wrote back, ""I have to cancel.""I laughed and left to meet some friends for dinner. He wants to reschedule. I don't think that's happening.Why are people so insane?Now for my review:The bar is very dark. The music can get very loud. It's small and romantic. It's on an adorable block. The beer list was quite impressive. I would like to return under better circumstances.",3,23,4
54,Tina W.,"Brooklyn, NY",63,240,0,4.0,2/25/2012,"Love the small space. Came here on a Saturday night and amazingly was not packed, got a seat on the bar! Bartender was sweet and suggested a fruity beer for my friend who doesn't like beer which she enjoyed.",1,,
55,Serena T.,"Marysville, WA",172,433,20,4.0,8/7/2012,"This was the second time I've been here on a trip to NYC and I can officially say I'm a fan.  The place isn't that big, but I like the vibe.  Casual and completely non-pretentious.  Drinks were as affordable as you are going to get in NYC and there was a wide selection especially of beer.  We were lucky enough to get one of the few tables in the place so we spent most of the night chit chatting and sipping on our drinks.",,,
56,Michelle P.,"New York, NY",256,103,148,4.0,8/3/2014,"Stumbled upon this spot after hitting up Mr. Chow for restaurant week (see my review, it was a womp womp fail). Anotheroom, turned my night around. Such a unique hybrid between a dive bar and a low-key lounge. It's super intimate with tables outside as well. The music is fantastic. Great selection of wines, champagne, and beer. No food. No hard liquor. Romantic setting on the inside because it's cozy booths and dim lights. Highly recommend if you're looking for a low scale spot to grab a drink with a friend or a date.",,,
57,Freya C.,"London, United Kingdom",152,377,30,4.0,4/15/2011,Many beersFew tapsSeveral bottlesPitch blackIntimate cornersPotentially romanticLess winePricey wineBerry wineTrendy peopleYoung crowdYuppy money,3,3,5
58,Ash C.,"New York, NY",73,301,6,4.0,7/16/2012,"What an awesome little nook for a dimly lit stealthy drink with a date - secluded, private, not too crowded, great selection of drinks, relatively quiet.  Reminds me of The Room but larger... I'm guessing by their similarites that they are of the same owner.My only caveat is that the space doesn't appear to have air conditioning except for in the very back corner.  I wouldn't recommend this for large groups, as the narrow length of the bar makes it difficult for the group to sit together in any one spot - half the group will have to stand.  That said, we went for a birthday get together on a Friday and it worked out OK - I suppose it depends on what you are looking for.",,,
59,Tim P.,"Manhattan, NY",249,124,111,5.0,4/21/2014,"Loved this place. Simple as that. The inside had a very minimalist appeal, with the walls painted all in black. The bar itself was simple and easy to read the menu. The bartender was very friendly and recommended our second beers for us. Bathroom was spacious and clean. Outdoor patio was small but cute. Wish there was more seating outside but I'll def be back soon! Yay Spring in NYC!",,,1
60,Megan C.,"New York, NY",3986,825,977,4.0,11/30/2008,That's so funny Lynn. I had the same thing happen to me here!! I had a guy hug me thinking he was my date too!! Think it was the same guy??Love the beer and wine here and the cozy dark atmosphere.  Great little neighborhood spot. Definitely not a destination place for out-of-towners.Date Rating: 6Pick up Scale: 4  (depends if Lynn is interested in a hug I guess :-)Strong Suggestion: Come here when you want something simple and not overpriced.,13,10,12
61,Justin L.,"Brooklyn, NY",242,1738,11,3.0,7/14/2012,"BadService,Good lightingAnd outdoor seatsWith music that allows me to hear friends.",,,
62,Zulu Q.,"Mountain View, CA",734,869,21,4.0,11/28/2010,"It's a decent place. Only beer and wine--though impressive selection of the former. Dark as all hell...I imagine that several butterfaces have swapped digits here and then their dates learned, ""Oh #@$%, that's what you look like?!"" :/You have to be Hercules to be able to open and close the sliding bathroom door though.",3,7,4
63,William H.,"New York, NY",3,13,0,4.0,7/3/2012,"Solid beer list. Dark cool and cozy, nice atmosphere.I went on a Thursday evening- no trouble getting a spot, but it's such a small space that I imagine Fri/Sat nights being a squishy affair.Yuppie Wall St. crowd but who says we can't all get along? Will be going back.",,,
64,Alex W.,"New York, NY",61,163,132,5.0,6/9/2011,"As the old saying goes: ""Beer before liquor and you've never been sicker, liquor before beer and you're in the clear."" Those biblical words have never steered me wrong in my college days so I wasn't about to stop listening to them now. Three rum & cokes and one gin & tonic later, we're well prepared and ready to meet up with more people at Anotheroom, a beer and wine only bar. It's a clever name for a bar, but not clever enough to account for my stupidity. Our only instructions were to meet at ""Another Room"" down in Tribeca. Seeing as we're in the smartphone age where information is right at our fingertips, I didn't feel the need to ask them for the address. On our way down I'm spending 10 minutes searching for the location of ""Another Room"". Doubts started surfacing, ""Does this place really exist?"" ""Should we just bail if I can't find the location in 5 more minutes?"" but alas, thanks to one yelper who used the keyword ""Another Room"" in her review, I finally found, Anotheroom.When we finally got down there, we were glad we didn't bail. The Wednesday night brought in a calmer crowd, there was ample seating everywhere, inside and outside the bar and the music wasn't that loud where you couldn't hold a conversation but loud enough to drown out any awkward silences. The perfect volume. Personally I only had the beers and the place has a very decent beer selection. I prefer lighter beers so for those who share the same tastes I do, I'd recommend the Hefeweizen on tap or the wheat. The bartender was extremely friendly and had a good hoot about how the misleading nature of the bar's name (He must get that a lot). AnotheRoom is the perfect last stop on any weeknight to just unwind, kick back and relax.",1,1,
65,Hiro S.,"Los Angeles, CA",148,345,1614,4.0,2/20/2012,"Love the ambiance - much much better than the crazy ""the other room"" in Venice, CA...Not to mention, they have my favorite beer and very close to Landmarc in case I could not get in right away...this is not a bad place to kill some time for sure!",,,
66,Grant R.,"New York, NY",36,41,0,5.0,9/15/2013,"Bartender, Adam is a rock star - both figuratively and actually.  Stop in to say hello.  Nice, civilized non-douchebag type atmosphere.  Great place for a few drinks if you actually want to talk with your friends.  Great TriBeCa location.",1,,
67,Brad M.,"Glendale, AZ",0,9,0,5.0,8/18/2015,Great spot to enjoy some high quality craft beer or fine wine. They have great service and a nice relaxing ambiance.,,,
68,Maya F.,"New York, NY",70,147,21,4.0,6/14/2011,"Another lovely dark Room in which to sip beer (and I suppose wine). This one has outside seating (if for some reason you don't feel like sitting in the dark on a beautiful day) and tall, barstool-height banquettes, so comfy and sexy.Yeah, this Room rules.",1,,
69,Aruna K.,"Los Angeles, CA",37,27,11,4.0,2/21/2014,"This is a solid chill spot in TriBeCa to grab a beer. They have a good beer selection with a lot of Abita on draft, plus some wine and soju cocktails, which is cool. It's a dimly lit spot, decent music playing. Everyone is just chilling and chatting. A lot of couples come here, it seems. Very low key but cool. Part of the room, and the other room bars. They are all very similar. This one may be smaller and more low key.",,,
70,Carlos M.,"Manhattan, NY",9,28,19,5.0,2/28/2014,This place is a gem. Great for a low key type of night. Has a low lit yet relaxing feeling with an array of wines and bottled beers. They also had a beer on draft that was quite delicious. It was Bells beer which was a nice stout for that cold winter night. I have marked this in my phone as a place to meet up before heading out for the night and/or just to have a couple drinks to catch up with a friend.,,,
71,Kieran M.,"New York, NY",3,24,0,4.0,1/8/2011,"Pros:  Dizzying array of Belgian beers, laid-back vibe, good music you don't have to shout over, great mood lighting.  It's a good whatever spot.  You make it what it is; some folks in there are colleagues having after work drinks, others are on dates, others are friends having a pre-dinner beer.Cons:  No food.  ""Dim, sultry lighting"" translates into ""darker than the inside of a colon,"" which can be a little tricky if you drop something.  Bathroom door is a slider, not a push/pull, and a really heavy one, which is neither immediately apparent nor super when you're a few Chimays to the good and not at your safecracking best.Still, love it, and need to visit the other ooms.",1,2,
72,Craige M.,"Alexandria, VA",293,249,136,4.0,5/3/2010,"Are they trying to fly beneath the Google radar or can they just not spell? Maybe being located near the Millenium hotel, the notion of leaving off a letter seemed like the thing to do. Or! Do they like making up words? Your guess is as good as mine. I've been going to Another Oom for ages. Looong before Rashida Jones told The Post that it's her fave Tribeca bar. Maybe I'll run into her in there some day and chat her up, all casual-like. Or maybe I already have. Hard to say since it's darker in Anothe Room than the New York sky was on August 14, 2003. Anotheroom is not a place to hang in all night long due to the loudness of the music and the darkness. How will I amuse myself if I can't take photos of my beers with my cellphone?! But it is the best (and I think only) good beer bar in Tribeca, so as a stop before or after dinner in that 'hood, it's tops. My wine snob friends tell me the reds are decent. The beer list rotates often enough that there is always something new to try or at least a delicious fave not found everywhere. The last time I went, I had just gotten back from London and was all heartsick for Samuel Smith's Taddy Porter and lo and behold, An Otheroom had it. Anotherplus: In warm weather, you can sit outisde in the front at a communal picnic table. And if there's one thing we New Yorks adore, it's breathing in exhaust fumes while enjoying a tasty beverage.",3,12,
73,Kira M.,"Los Angeles, CA",67,155,21,4.0,4/26/2010,"Anotheroom is a risky meeting place for a first date. Why? Because it's the kind of bar that should have been featured on the Urban Daddy newsletter. It's the kind of bar where you take someone you'd like to casually seduce. Which is why I would recommend saving this neighborhood gem for later in your liaison. (That goes double for blind dates: She had better have one heck of a personality if you're opting to bring her there.)Like its sister bars, The Room and The Other Room, Anotheroom is a strictly wine/beer den. And, as with its sister bars, the lighting is practically non-existent. The rectangular layout is reminiscent of the former (sans couch-ed ancillary space, though), while the cushioned bench seats along the wall stir up images of the latter.Note: During my visit, the eclectic music was loud enough to strain the conversation between my companion and me. (I couldn't figure out for whom it was aiming to perform more of a service: for those patrons whose trite and mundane comments were thankfully drowned out or for those would-be lovers who found that they 'had' to inch closer and closer together (to better hear each other, of course).)",3,3,2
74,Mike B.,"New York, NY",13,21,4,5.0,12/8/2013,I go with friends after work for few drinks and it is very unusual and cool place. You will love the vibe and atmosphere. For Us who do not like cookie cuter places it is a perfect spot.,,,
75,Kendra C.,"Brooklyn, NY",15,91,3,4.0,7/22/2013,"Really chill spot, can get a bit crowded, but also clears out quickly.  Love their wine and beer selection, although the best is also pretty pricey.  Definitely worth a try, but don't think I will become a regular.  Great music.  This place is really 3.5 stars given that it doesn't feel terribly clean, but I rounded up given the great night I had here.",,,
76,Augie H.,"Brooklyn, NY",0,16,0,4.0,4/27/2015,"The atmosphere really defines this place! It is warm, candle-lit and very cozy. Great place just to relax, or for a first date. The bartender was friendly and very helpful in finding good new beers to try.",,,
77,Matt M.,"Manhattan, NY",62,322,18,4.0,4/12/2013,"Nice after work place with a good beer/wine selection.  Could use a few more beers on tap, but the selection is pretty good overall.  Pretty extensive list of bottles.  Prices are very reasonable, and seems like you can always get a seat (which are very comfortable).  If you are looking for an after work drink and want to avoid crowds, this is a good place to go.",,,
78,Julie G.,"London, United Kingdom",674,1000,19,4.0,12/23/2011,"This is a good place to come if you are fugly and have a blind date, because it is so ridiculously dark in here that there is a strong possibility you could trick your date into thinking you are attractive (coupled with flowing libations of course).  Conversely, if you are attractive and have a blind date planned here, you may want to reconsider (see above statement).  Also, the entire place is approximately the size of my studio apartment, so obviously not good for groups or obese people.  Otherwise a pretty solid lounge in TriBeCa.",1,6,2
79,C M.,"New York, NY",266,454,791,5.0,9/16/2009,"A speak-easy non-pretentious bar in TriBeca, this is too good to be true!Dropping into Anotheroom for a drink at 8:00pm on a Wednesday evening is more than ideal for a quick cocktail without the rampant masses crowding the bar for a drink order.For starters, the tranquility and serene feel of the establishment is greatly aided by the dark posh decor.  With the luscious and vivid arrays of black furniture, subtle tungsten lighting that's complemented well by candlelight, and soft tones generated from a Bose Sound System, the feel itself is nothing more than ideal.  Patrons will find that the level of civility displayed by the participants at Anotheroom allows one to feel at ease, without the feel of being persistently pestered with unsolicited flirtatious remarks.As for the liquid offerings, most patrons stick to beer and wine.  Traditional beers ranging from your domestic notables and a few European imports are available year round.  Seasonal beers are also served but varied depending on distributor availability (as well as season of course).  The wine selection is as expected, simplistic offerings of Negroamaro, Sauvignon Blanc, and Syrah are available for selection.  What should be noted is the tranquil yet efficient service of the bartenders.  Second / Third rounds are requested when beverages start to dwindle, water glasses are constantly refilled when less than half full, and a casual remark to stimulate dialogue is often bestowed.Needless to say, Anotheroom offers a soothing tranquility in lounges that's often marred by over the top ""seen and be seen"" places of TriBeca.  At Anotheroom, you get what you're looking for...  A perfectly subtle establishment to consume a liquid beverage while engaging in stimulating conversation with your party.",9,5,7
80,Rommel H.,"Boerum Hill, NY",116,156,0,4.0,4/6/2011,"Score: Birdie.Ya like a nice selection of beer and wine in a quaint spot in one of the nicer areas of NYC?  Then come to Anotheroom.  No, don't go to another room, come to this place, Anotheroom.  That's what it's called ya bimbo!A varied selection of beers on tap as well as in a bottle (for you uppity types).  Not sure about the sweet berry wine, but this is a sheik place to meet up for drinks before a night out or take a date before or after dinner (I did the latter.  yay me!)  Supposedly gets pretty packed on weekends late night, and I def. see the local AA meetings meet up there afterwards on the weeknights.  BTW, bring your flashlight and green hat.  The flashlight is because it's super dark, and the green hat...cause why not?",,,
81,ashley S.,"New York, NY",119,149,4,3.0,2/19/2010,"It is a small speak easy type of bar. It's a beer/wine bar with a lot of beer on tap... a lot. I sat at the bar, but it looks like a good place to meet some friends and grab on of the tables. It's a very dark intimate atmosphere. If I worked around this place I would go more often, but it's all the way across town. I don't know if it warrents the trip. Definitely worth checking out, especially if you are a beer lover.",2,,1
82,D.J. L.,"New York, NY",83,26,0,5.0,3/3/2010,"This place is dark. As in, I'm not sure if they even have electricity dark. Maybe I just hit it on a weird night, it was all candles. But it was great. A fantastic beer selection, both bottled and on tap, and apparently a decent wine selection. The bartender was extremely friendly and very attentive. This place quickly moved towards the top of my favorite places to drink in NYC. It was very low-key and the music made me happy.",1,3,
83,Chris K.,"New York, NY",167,105,61,4.0,6/16/2009,"With bathrooms too spotless to classify a dive bar, Anotheroom makes the cut if you're stuck in Tribeca and hunting for a mellow post work spot. Keep the group to 2-3 as this place is teeny tiny. Beer/wine choices are above standard, priced well, and scribbled cursive across an oversized chalkboard above the bar. You might want to bring a flashlight; ""Russian Submarine"" is a fair approximation of decor / vibe. As noted earlier, bathrooms are pretty cool (industrial Pittsburgh chic) and super clean but then again I couldn't see a thing. (it really is that dark) p.s. For amusing curbside entertainment, sit at the picnic tables for some awesome dog watching. Tribeca's canines and companions now get my vote for best dressed pairs in the city. As Bruno would say, ""Fashion saves more lives than doctors."" How true.",19,21,21
84,Teresa T.,"Pittsburgh, PA",127,367,0,4.0,8/30/2012,"Each time Anotheroom was brought up, I always seemed to ask ""Where is that?"" After getting over my confusion, I have to give a nod to Anotheroom. The bar is very small and narrow but it is cozy, laid back and dim. The drinks aren't too pricey either for NY imo and the bartender was nice. It was a hot summer day so the front was opened.",,,1
85,Klysha R.,"New York, NY",143,247,117,3.0,1/21/2010,"This is a cool spot for:Secret hook-upsBeer and wine loversQuick DrinksThis is a secluded small sexy spot that I went to with co-workers.  We liked the simple drink options, but the place is so sexy and dim I wanted to dump my co-worker and call my hubby... Any who, you should give this place a looksee it's quite the cool spot.",1,1,1
86,Kelly F.,"Forest Hills, NY",76,41,115,4.0,2/9/2013,Came here for a friend's birthday on a Friday night. This is a fairly dark and cozy TriBeCa spot for drinks so be prepared to drink by the candlelight. It's a very casual place but you can always make it a romantic night out. They have a wide variety of beers and wines. I anticipated for this place to be packed for a Friday night but the crowd lightened up significantly by around midnight. I don't think there's any table service so make sure you order at the bar.,,,
87,Amanda Z.,"Chicago, IL",325,803,6,4.0,6/25/2009,"Tiny, warm and homey...a lovely spot to stop for a post-date cocktail.  A friendly bartender (that made my date list the four celebrities he'd sleep with, an additional one that was dead, and a MAN) served up our drinks of choice with a smile.  Me?  A glass of lovely fizzy cava.  Him?  A potent Belgian.While we only stayed for one round, the music was excellent (very eclectic), our booth was cozy, and our drinks were the perfect dessert to our lovely meal down the street.Oh, and the dude of choice was George Clooney.  My man has good taste.",3,4,3
88,V W.,"New York, NY",6,153,0,4.0,1/3/2010,"Anotheroom is a small cozy bar with an incredible beer selection. They have some good wine too.This one has fewer hipsters than its sister restaurant the Other Room in the Village, but the bar is on the same order.It's dark and comfortable and a great place to spend a night.Or during the summer, it's the perfect place to sit on the benches outside and spend the day drinking.",1,,1
89,JP G.,"New Orleans, LA",12,87,12,5.0,8/29/2007,"Unpretention is the m.o. of this place. It has the perfect amount of that dirty feel (but not really dirty) to make this place a chill bar. Their beer list is creative, and their wines do the trick.It's candle lit, so it's nice and dark, and the exposed brick keeps their cool appearance.I really dig this joint...the last time I was there, I had a random beer that tasted like fruity pebbles...that's aces!",,,
90,Terry K.,"Ridgewood, NJ",3,46,0,5.0,10/1/2009,"Great selection of beer, some wine, no hard liquor. A small, cozy place that would be good for a first date or happy hour with co-workers. They have outdoor seating which is perfect when the weather's nice.Really a 4-star place, but the added star for allowing dogs.",1,1,1
91,Erika G.,"New York, NY",58,94,0,4.0,6/19/2009,"Anotheroom is a sister bar of The Other Room; both are incredibly rich in the selection of beers but Anotheroom's list isn't as extensive. It's still good, though. As you'd expect, this place is also small, dark and intimate. I stopped by with a few friends and it was not very busy at all. We scored a booth and our own table (and it was a Saturday night!). The bartender, as expected, was very knowledgeable and friendly. She chose beers for us based on our respective tastes and man, she nailed it! Kudos! My original rating is 3 stars but dude. I met John Krasinski outside of this bar a few weekends ago and Anotheroom deserves another star for attracting such awesome clientele.",2,1,1
92,Erik C.,"Brooklyn, NY",48,258,1,4.0,6/14/2010,"Gaze upon the backbloard, it's surface filled with white chalk markings. Look up, let it pull you in, stare and make it hard for people to get around you or into there seats as you try to decipher the brews in the dim light. Hope someone stands up, so you can steal their seats. 2 of the only 20 in the place.",,,
93,Lauren W.,"New York, NY",45,67,7,4.0,9/9/2012,"Went here Sunday night during Labor Day Weekend, so it was pretty quiet.  My group of 4 got a nice table along the booth that runs the length of the bar.  The wine and beer selection was great, and not overpriced for TriBeCa.  The bar tender was really sweet and chatted with us about clothes for a while.  We had a wonderful time and definitely will return.",,,
94,Sydney Y.,"New York, NY",0,4,0,4.0,11/11/2013,"Came here with a girlfriend from out of town. It was private, and very hip. Able to catch up, share quality time at the bar and music was awesome!",1,,
95,Muppet C.,"New York, NY",7,52,3,3.0,5/29/2010,"A decent little beer joint with a good selection of beers, slightly sketchy seating and lighting and relatively good music playing.  Why anyone from outside the neighborhood would come here is beyond me, but I can see it as a reliable hang out for night out.  Just intimate enough to pass muster, except for the massive construction occasionally going on outside.",,,
96,Jamie C.,"New York, NY",92,331,7,4.0,8/12/2009,"Not what I was expecting, but still a good experience. I want to be a fan, but cannot quite stretch it that far. 3.5 stars it is! The space is much smaller than I anticipated. Even so, the dark, cozy, almost sultry decor worked for me. The large windows bring in a lot of light, which can interfere with the dimmed atmosphere during daylight hours. This place definitely has a mature but fun vibe to it. Not bad for a date spot.I got there early on a friday afternoon/evening. The place was pretty empty with about 10 people spattered between one high table inside and the two large picnic tables outside. The outdoor picnic table does take away from the trendy look, but adds a slightly dive-y touch to the experience. So, a happy medium. Good service, I gave the bartender just a couple ideas for what I wanted in a glass of wine and the one she chose was EXACTLY what I was going for. I didn't really see that many choices on the list though. People drinking beer were happy though. Everything was reasonably priced. $10 min for credit cards though. Conclusion: I'll be back, and I need to figure out the name of that wine.",1,,
97,Kelly A.,"Hoboken, NJ",28,130,0,4.0,10/3/2006,"This is the perfect spot for a mellow after work beer or glass of wine.  They have an amazing wine and beer list (but no cocktails and no food).  If the weather is nice, you can sit at the tables outside or next to the big open windows in the front and enjoy being in this great Tribeca neighborhood.It's a terrific place to go if you are alone too.  The bar is small, the bar tenders are really nice, and the people there are just really cool and friendly.And you can't beat the $5 happy hour beer special!",5,,1
98,Amadeo P.,"Jackson Heights, Queens, NY",255,46,22,3.0,10/22/2008,"I was only here briefly last night, but anotheroom is a good spot, among many other places in the area, to go after work for a drink. Its subdued setting, accented by soft candlelight, offers a prime location to wind down or meet up with friends. They don't serve liquor here, which is a little bit of a drag, but they have an excellent wine selection which is complimented by its beer collection.The music was a little too loud for my friend and I to have a conversation (which is why we left after our first drinks), but if you're looking for a place to have a few drinks to start off a night of bar-hopping, this is a good place to begin.",3,,2
99,Molly T.,"Capitol Hill, Seattle, WA",14,131,15,4.0,11/9/2006,"This is the place to go after a long day at the office.  The candle lit space allows you to melt into the background and relax with a glass of wine.  The music selection is quite good as well.However, this is not the place to go if you want to read; there isn't enough lighting for that activity.",3,,1
100,Mallory C.,"New York, NY",61,60,65,4.0,12/28/2011,Got absinthe here for the first time. I didn't see the green fairy unfortunately but the bar was great for an intimate evening.,,,
101,Raphael D.,"Brooklyn, NY",358,421,56,3.0,10/23/2011,This is a pretty good find when it comes to beer and wine selection in TriBeCa and definitely a good date spot. We had a group of nearly ten taking up the back of the bar and didn't have any problems other than the very slow service at the bar on a Saturday night. There was only one bartender and she was working a good pace but it was too many people for one bartender especially if she has to wash glasses too.,,,
102,Corrie W.,"Upper East Side, Manhattan, NY",8,35,0,4.0,8/24/2009,"After walking by more times than I like to admit, I finally mustered up the motivation to walk through the doors (well, walls).  On a nice summer day, the whole place was openned to the street, with tables outside to sit and the warm air of the outside world coming right on in.  Good thing it wasn't 90 today.  Cute dark bar, even with the walls open.  The decor is fun, dark and very textile, metal touches abound.  I loved the bar stools, although they freaked my companion out a little.  They reminded me of what would happen if a barstool met a barberchair - yeah, sort of weird, but very comfy and with a little bit of give.  Lots of bottled beers to choose from, a few wines.  Reasonable prices for the area.  Would I go back?  Most likely.  But then again, I'm a sucker for dark bars with great music (and it was pretty exceptional tonight - everything from the Beach Boys to MGMT to The Cure.  Love love love).",,,1
103,Sarah G.,"Brooklyn, NY",2,9,0,4.0,3/6/2012,"Love this place for a quiet, cozy night out. The open windows allow this place to be an indoor/outdoor space during the summer!",,,
104,Laura E.,"Washington D.C., DC",22,77,4,2.0,6/26/2009,"LOOK AT ME! I'M DRINKING A BEER LIKE THE PROLETARIAT! This is the unheard voice of the suits and overpaid creative types who frequent this place. These are the people who cannot fathom going to a dive bar. No... they need Anotheroom.On the menu: a reasonable beer list, a bunch of dudes in suits who have a smug sense of slef, and a bartender who acted like he was thought he was too cool to work here.If you're trying to impress someone on a date... maybe this place is worth a shot. Honestly, I wasn't super impressed by the beer list... I've seen better in other places with nicer--and happier--clientele. Basically, you're paying for the cool atmosphere that reminds me of a post-industrial wasteland made expensive for people who never leave Manhattan or the Hamptons.",,2,
105,Chad T.,"Manhattan, NY",51,754,127,3.0,2/13/2009,"This place has a pretty cool vibe, but if your group is larger than 2 people make sure you get there early (around 5pm) to claim one of the 2 corners large enough.   The beer selection is decent for a swank loungey place but if you're serious about beer you need to go somewhere else like d.b.a.",1,,
106,Dan M.,"West Covina, CA",107,44,0,4.0,11/28/2010,A great place to enjoy some beers with friends...good selection and friendly bartenders.  Dig it.,1,1,
107,Victor L.,"Brooklyn, NY",188,1057,14,4.0,7/3/2007,"When you decide to play The New Pornographers at a bar, you are asking for me to drink. Because the New Pornographers at any bar is awesome. The great thing about this versus The Room is that it's a little more open, with the outdoor tables, letting a little more light in, and I like the layout of the place better. The Room has a cool second lounge room adjacent to the bar, but this place has a cool bar long bench/couch that's raised a couple feet off the ground, so it's like a survey of the place. I can imagine if it gets crowded it's a great vantage point to people watch and be seen. I love the idea of it.Although I felt the stool I was sitting on at the bar was going to break or snap at any moment.",1,,1
108,Linda J.,"Brooklyn, NY",10,44,2,3.0,2/26/2008,"It would be nice with a redesign.  I like the dark walls and high tin ceilings.  However I don't like that they are trying so hard to be quirky-creepy with all those distorted Victorian era photos on the walls.  Also the furnishing is bad.  The extremely small chairs and the very high booths w/ metal tables are all out of proportion, not to mention cheesy looking.Not sure if they have hard liquor.  The prices are normal to kind of expensive.  I had a nice glass of Malbec and enjoyed the music [Elvis, Smashing Pumpkins] but kept thinking about how much better the space could be.",1,,
109,Lauren K.,"Manhattan, NY",0,33,0,4.0,2/20/2012,"BYOF (bring your own flashlight). Are you bald and told your blind date you have hair? Do you have a chipped tooth? Feel like drinking in a dark room again? Go to anotheroom. Anotheroom is a local Tribeca bar that is.. well, dark. Don't let this description misguide you, it has a great ambiance. In the summer, they have communal picnic tables outside that are fun to pour yourself a glass wine or a local Brooklyn pilsner. This bar is a go to in the Tribeca neighborhood for a casual night out.",2,3,2
110,Nate C.,"Philadelphia, PA",60,130,4,5.0,4/23/2011,"It was a good place.  The crowd was sexy, the noise level fluctuated within a reasonable range and the service was perfect.",,,
111,yumia p.,"New York, NY",0,5,6,3.0,9/28/2009,"I love Anotheroom simply because of its industrial, rusty atmosphere. Effortlessly cool vibe fits perfectly to the after-work, quick-stop for a drink or two.",,,
112,April W.,"Dallas, TX",104,151,16,4.0,1/21/2009,"I am a fan of Anotheroom. Another great late night spot for the post-work crowd. Working in a restaurant, I drink post-shift and then the rest of us migrate and drink elsewhere. That's how we roll. Pros: Very dark, cozy seats, beer and wine only (which then prevents any temptation to hit the hard stuff! WOO), cool bathroom, decent prices (meaning you're not completely ass raped for a decent glass of red however it's not like Odessa cheap.)Cons: Music tends to get too loud and conversation ends up being screaming matches, not a lot of places to sit which is fine on a Wednesday night but not so fine on a Friday night. Bartenders have actually left a bar full of customers to go for a smoke (what?? But I've been waiting for you to stop talking to your other flockin' buddies so I can feed my alcohol monsters!!!) Overall, great spot, good beer and wine, and completely friendly for the non-alcoholic drinking buddies who are just as awesome, if not more awesome than you, sober.",,,
113,Ahu S.,"New York, NY",122,450,87,4.0,4/19/2010,Very dark. Other than that not very notable! Bump up to 4 stars from 3 because of the nice location.,1,1,1
114,Mickey M.,"Jackson Heights, Queens, NY",272,683,43,2.0,12/4/2008,"It's dark. Really dark. The furniture is dark too. The tables are cast iron I think. When it's late night, glasses and bottles smash with great frequency, because people can't see where they're going and bump into these tables, knocking over everything. The floor is concrete, I think. It was too dark to tell. Good beers, and the crowd is pretty friendly even if it's cramped..but like I said, it's dark. Works for some people, but I'd be more likely to be found next door at the ordinary, not dark bar.",,,
115,Irina L.,"New York, NY",2,15,0,4.0,7/14/2010,"Great little place to hang out with friends. Beer selection is great, and if you're indecisive, you can ask for samples. The bartenders are nice. Cute outdoor area, but beware of mosquitos if you sit outside! I wish they had citronella candles because everyone had at least a million mosquito bites at the end of the night.",1,,
116,Evan M.,"New York, NY",2,7,0,5.0,4/7/2011,"Love this bar! Awesome beer selection, decent prices - $7 for most beers. Mostly in bottles though - they have maybe a dozen on tap, too. Friendly/helpful/knowledgeable bartenders.This place is great for a few drinks with friends or coworkers, and is also an excellent place to take a date. Classy but not pretentious, fun but not rowdy. I've been here many times, and will continue to come back.",,,
117,Jen A.,"New York, NY",4,22,0,4.0,6/9/2010,"Never had a bad experience at this place. I usually come here after 11:30 so I can't speak for the afterwork scene. The first few times I came here I don't remember the music being as loud as more recently, but regardless I tend to return to bars that have a good music selection and are completely absent of the ""I just turned 21"" /fratboy crowd. This is not the kind of bar to meet someone new, everyone seems to come in groups (including myself) and the seating contributes to this. I recommend Anotheroom for good friends/lovers who want to share a good bottle of wine (or 2) and getting lost in conversation amidst chill music. A big plus: you don't have to worry about the ""run-in"" factor. No one will find you here and even if they do it's so dark they won't recognize you.",1,,
118,Kristin P.,"Chicago, IL",14,26,0,4.0,12/23/2010,"Dark, sultry, candle-lit with nice beer and wine options.  This is a good pre-dinner or post-dinner drink place but don't come if you are sleepy because it might be just cozy enough for you to nod off.  I would come back here again, if for nothing else than the chill vibe and good tunes.  A great place for a small group to converse over a few drinks.",,,
119,J K.,"New York, NY",28,216,32,5.0,10/1/2011,"A great selection of beer (Cooper's Green is my recommendation) and wine, dimly lit by way of candles with light bounced off the beer glasses, illuminating a sort of orange-y gold. It's got that true intimate atmosphere with just the right amount of darkness - not the ""wait, what do you even look like"" darkness, but the ""hey, this gal is kinda mysterious"". Not out on a date? Bring your pals anyway and sit at the bar, the tables, or even the picnic tables out front.",1,,2
120,Emily M.,"New York, NY",14,7,0,4.0,12/3/2010,I just moved to Tribeca and I'm glad to have found a a great wine bar in the area. The window seat was the perfect place to cozy-up on a cold winter night.,,,
121,Daniel A.,"Brooklyn, NY",13,35,3,3.0,9/16/2012,Friday 9pm ... Chill vibe. Music was pumping but you could have a convo. Extremely wide beer selection.,,,
122,Mike H.,"New York, NY",1,9,0,4.0,12/30/2009,"Was told it was a wine bar, when I got there I was surprised by the standard bar atmosphere (loud rock music, dark, etc).  Cool place, very small.  The seating encourages people to sit on the same side of the table.  Decent draft selection.",1,,
123,Talia R.,"New York, NY",49,510,0,4.0,6/21/2010,"Living around the corner from the Other Room, I tend to stick to that location of the chainlet, but when in TriBeCa feel comforted to know that a refreshing glass of rose is close by.  I like this place: the selection, the staff, the lighting.  Sitting outside on a sunny day is quintessential people watching.  I play a game where I try to guess apartment square-footage of the passersby based on the size of their ginormous dogs.  Is there a formula for that?",,,
124,Amanda S.,"Brooklyn, NY",9,116,0,3.0,2/6/2010,"Tribeca can be surprisingly desolate when you're trying to get to a bar, so Anotheroom is a dimly lit, speakeasy-esque haven.  So dark that you are either a.) automatically tired, b.) automatically relaxed, c.) able to make out in public without making a display of yourselves, Anotheroom is definitely a place I'd go if I were ever in Tribeca and needed to seal the deal (IF YOU KNOW WHAT I MEAN LOLOLOLOL).They have an excellent selection of microbrews, if you're into that, but I'm not, so it'd be difficult for me to park it here all night.",,1,
125,Rebecca H.,"Brooklyn, NY",117,174,66,5.0,1/17/2008,"Came here on a week night date, such a quaint place!  Loved the mood, the music is great, I think that was my favorite part.  Great beer selection, good lighting, and nice bartenders.  I will definitely be back, hopefully soon!!!",5,,2
126,David L.,"New York, NY",833,1138,1105,4.0,11/2/2008,"This place has the friendliest and most hospitable bartenders. They'll talk to you about the beer selection all night long. They'll tell you about the music that's playing, even offering you to plug in your Ipod. One time I asked where they got their Orval glasses, saying I couldn't find them anywhere, and I was told ""you can have it"" and they refused to take any payment. They're extremely dog-friendly. They're completely tolerant (even encouraging) of takeout food or even delivery... The beer selection is terrific, and very reasonably priced -- the same things can be found (if you can even find them) at other bars for a couple dollars more... This place is dark and cozy, the music is never too loud, the crowd is never very obnoxious, it's a great place to kick back and have a dozen really good beers. I like to sit outside, bundled up on quiet winter evenings... Definitely one of my favorite bars.",3,,2
127,John P.,"New York, NY",22,38,6,5.0,10/30/2009,"I have been here at least a half a dozen times and it is a very cool place to go for a relaxing night.  Lots of great restaurants in the area, which is why I end up here a lot.  It's pretty dimly lit inside and very rarely over crowded (its pretty small though).  There is also an area with picnic tables outside to hang out in.  I don't think they even care if your out there past 11.  The staff is always helpful in describing the new beers they have in -- and they also serve some decent wines that are reasonably priced.  They don't seem to cater to any specific country so you will also find some interesting choices you probably haven't tried here.",,,
128,mark s.,"Minneapolis, MN",116,60,10,5.0,1/5/2008,"my favorite bar in New York City - hands down.  Anotheroom is a very special place and makes working in Tribeca worthwhile. The magic transcends the vibe, and the bartenders, and the awesome beer, and everything else that you can try to use to quantify this bar - it just is.",1,,2
129,Bennett K.,"Los Angeles, CA",74,14,0,5.0,8/7/2008,"Superb beer selection that looks like it rotates frequently at reasonable prices.  I came here alone to kill time (thank you, iPhone Yelp location-aware recommendations!) and the place had two large groups sitting at the tables outside and a few couples inside, all of whom were enjoying themselves.  Great decor as described by the other yelpers-- the place reminded me of the now gone Standing Room Only in Hell's Kitchen.  It even smelled nice!  Doesn't seem like you can go wrong here.",1,,1
130,faith s.,"New York, NY",3,18,0,3.0,10/3/2006,Great selection on beers and for only 5.00 dollars a beer..you cant beat that for the atomosphere and comfy couch to sit on and relax,1,,1
131,Jen L.,"New York, NY",16,190,0,4.0,7/25/2009,"Small, lounge, dark, mysterious, beer, romantic, hidden, candles, black, cozy, anonymous ....",,,
132,Priyanka P.,"San Francisco, CA",192,226,101,4.0,5/14/2011,"coze, chilled out and intimate .... great selection of wines and beers ....",,,
133,Daniel C.,"Brooklyn, NY",41,84,0,4.0,6/24/2007,"The initial vibe I get from the place is ""Starbucks Does Nightlife.""  I am really in love with the decor, it sets a great mood.  i felt as though the some of the music seemed a little odd at times, but it was okay overall.  I enjoyed the selection of beers, and my sunset wheat beer was delicious.  I got kind of weird vibe from the bartender, but the service in general was pretty good.If I lived closer by, I would definitely visit again, but it's the kind of bar you'd only go to on certain occasions at my age.  Great place, but not quite a 5er.",1,,
134,Rachel E.,"Los Angeles, CA",4,48,15,5.0,7/16/2007,"The best place in all of the city to get a Stella.  Very laid back, calm lounge with a sleek and clean atmosphere. Only beer and wine(sorry no mixed drinks).  Never pretentious.  And they're always playing the best music (esp. if you like snow patrol). On some weekends they tend not to open til after 8pm.",1,,
135,Dee W.,"New York, NY",49,69,13,4.0,6/21/2008,"Great selection of beers. Don't even bother to order liquor, just ask the bartender for his favorite and you'll be blown away. The cutest is the menu on a blackboard hand written every day!! My friends have had fun in the huge bathroom with a sliding door....Word to the wise...knock if you hear noises...lol..",1,,
136,Jen P.,"San Francisco, CA",8,14,0,3.0,2/26/2008,"3.5 starsi liked the ceiling and exposed brick.  the creepy pics, not so much.  had a glass of wine, it was good.  they seemed to have a pretty good beer selection as well.   i think it's hilarious how some people walking by will press their face up to the front window to get a peek in.  sometimes they emphatically shake their heads no and walk away.  who are they shaking their heads for?",,1,1
137,Agna F.,"New York, NY",24,34,3,5.0,4/15/2011,"I can't believe I haven't reviewed this place yet - this has to be my all-time favorite bar in NY.  The wine and beer lists are fantastic, and it's small and dark enough to feel cozy all year round.  The only downside is that seating does go quickly during prime time, but at least they take credit cards now!",,,
138,Dan S.,"Princeton, NJ",76,89,0,4.0,"12/6/2008
            





Updated review","Same great beer, but last few times I went it was a bit on the eurotrashy side.  It's hard to fault the bar for its patrons, but patrons make a bar.",,,
139,Tim H.,"Hoboken, NJ",3,43,0,4.0,2/5/2010,"This place is great to chill... or to end an night, its so dark and chill, everything else just disappears, I am a big fan of their picnic tables as well.. top bar when I am in tribeca...",1,,1
140,Lauren G.,"Park Slope, Brooklyn, NY",159,461,75,4.0,8/23/2008,"I came here around midnight on a saturday and really loved it- it was dark, small and very romantic. i was there with girlfriends- but this is definitely somewhere you could take a date and get naughty in a corner. :)",,,
141,Justin P.,"Richmond, VA",172,136,6,2.0,3/7/2009,"After a bunch of my friends and I had dinner near-by, we decided to go to Anotheroom. It was my first time there, and I certainly wasn't impressed. The space itself is pretty darn small. The actual bar takes up much of the right side of the space and the an elongated raised bench, albeit with comfy cushions, lines the left side of the space. And, there are small cocktail tables placed in front of the seating area down the line. When we were there yesterday, there was a big contingent of people taking up a lot of space, so people were packed pretty close together on the bench. It would be much better if there were partitions along where each table is for personal space purposes. Another thing I didn't like about this place is that they don't offer shots. What type of bar doesn't offer shots? Actually, I know the answer: a shitty one. Overall, I don't plan on going back to this place anytime soon.",3,3,3
142,Jim U.,"Washington, DC",686,1303,3044,4.0,3/10/2009,"I went here on Sunday night for a few drinks.  The place is somewhat small with limited seating at the bar and a row of cushioned seats along the opposite wall set up high with demilune tables in front of them.  So the seating along the wall is perfect for couples since you can sit side-by-side.  I was interested in the drinks, however.  The choices are only beer or wine, and they are all written on a very large chalkboard over the bar.  The beer selection is actually fairly good with a number of microbrews (some I have never heard of) and Belgian beers on the list.  The bartender was very friendly and laid back.  She even had her dog with her.  One of the customers had a dog with her as well, and everyone got a kick out of the 2 dogs playing with each other.  So, I can definitely say this place is dog-friendly.  The ambience felt good, and I really enjoyed the place.  I will allow though, on a busy night, the ambience would probably be a lot different, and perhaps not as nice since the place is so small.",2,2,2
143,Soodee C.,"Chapel Hill, NC",11,33,42,4.0,10/29/2007,"a laxative bar and by laxative i mean everyone is relaxed. the service was impeccable (i have a thing for brunettes). the group sitting next to us was very new york cool, unassuming, I'd rather talk about shoelaces than my 6 figure job- unassuming. at one point i went up to the bar for a refill and was propositioned by a Haitian fella about the prospect of me bankrolling his marijuana smuggling scheme from Miami. i declined, that's why I'm here writing this review.",1,1,2
144,ali l.,"New York, NY",27,124,5,4.0,4/17/2006,"this is a great place to remember when you need to pick a gathering spot for a small group.  it has an intimate feel inside and allows for groups of friends to be able to sit and hear each other talk, while still being dark and crowded enough that you feel like you are out at a cool place.  it is beer and wine only, but has a great selection to choose from and very reasonable prices.  i also recommend the room and the otheroom, which are bigger but have the same feel, if you are in soho or the west village.",1,,
145,Elizabeth B.,"Washington, DC",9,81,1,3.0,3/18/2009,"very romantic and dark, exudes sex appeal in a non-trying way.  nice selection of wine. bartender had her bulldog there which was adorable. I would suggest coming with with a date, but not a first date.",,,
146,mayumi m.,"New York, NY",22,74,0,4.0,2/11/2006,"if you are in the mood for wine more than cocktails, you should head to anotheroom. the bar has a big blackboard with the day's selections of beer and wine. during the warm days you get to sit outside on their bench, sipping a nice glass of wine with your favorite people, but the weatherproof inside is great for small group get togethers. the bartenders are really helpful with the selection. i always end up meeting my boyfriend here before we head out to dinner just to catch eachothers breath and slow down time.",,,
