,Accepts Credit Cards,Accepts Bitcoin,Accepts Insurance,Alcohol,Appointment Only,Caters,Coat Check,Delivers,Dogs AllowedHair Types Specialized In,Happy Hour,TV,Outdoor Seating,Parking,Smoking Allowed,Take-out,Takes Reservations,Waiter Service,Wheelchair Accessible,Wi-Fi,Opened 24hrs,Gender Neutral BathroomsAmbience,Attire,Best Nights,Good For Dancing,Good For Groups,Good For Kids,Good For Meals Served,Music,Noise Level,Price Range,price_range,health_score,overall_rating,overall_reviews
41023740,,,,No,,Yes,,,,,,,Street,,Yes,,,,,,,,,,,,,,,,Under $10,A,4.5,799
50036129,,,,,,,,,,,,,,,Yes,,,,,,,,,,,,,,,,,A,4.0,17
40559633,,,,,,,,,,,,,,,,,,,,,,,,,,,,,,,Moderate,,2.0,133
41651780,,,,Full Bar,,,,,,,,,Street,,,,,,,,,,,,,,,,,,Moderate,A,4.0,112
50061531,,,,Full Bar,,,,,,,,,Street,,Yes,,,,,,,Casual,,,,,,,,,$31-60,C,4.0,108
41089876,,,,Full Bar,,No,,,,,,,Street,,Yes,,,,,,,Casual,,,,,,,,,$11-30,A,3.5,1629
50035739,,,,Beer & Wine Only,,Yes,,,,,,,Street,,Yes,,,,,,,,,,,,,,,,$11-30,A,3.5,228
40383511,,,,Full Bar,,,,,,,,,Street,,,,,,,,,,,,,,,Live,,,Moderate,B,3.5,236
50033151,,,,No,,Yes,,,,,,,,,Yes,,,,,,,Casual,,,,,,,,,Under $10,A,4.0,91
40375839,,,,Beer & Wine Only,,No,,,,,,,Street,,Yes,,,,,,,,,,,,,,,,$11-30,A,3.0,391
40720911,,,,Beer & Wine Only,,,,,,,,,Street,,,,,,,,,,,,,,,,,,Moderate,A,4.0,148
50018300,,,,Beer & Wine Only,,Yes,,,,,,,Street,,Yes,,,,,,,,,,,,,,,,Under $10,A,3.0,257
50006102,,,,Full Bar,,Yes,,,,,,,Street,,No,,,,,,,Casual,,,,,,,,,$11-30,A,4.5,138
41305028,,,,Full Bar,,No,,,,,,,Street,,No,,,,,,,Casual,,,,,,,,,$31-60,A,3.0,160
40391979,,,,Full Bar,,No,,,,,,,Street,,Yes,,,,,,,,,,,,,,,,$11-30,A,3.5,321
41616853,,,,Full Bar,,,,,,,,,Street,,Yes,,,,,,,,,,,,,,,,$11-30,A,4.0,49
41623475,,,,No,,Yes,,,,,,,Street,,Yes,,,,,,,,,,,,,,,,Under $10,A,3.5,183
40623604,,,,Full Bar,,No,,,,,,,,,No,,,,,,,Dressy,,,,,,,,,$31-60,,4.0,1038
41553930,,,,Full Bar,,Yes,,,,,,,Street,,No,,,,,,,Casual,,,,,,Live,,,$11-30,A,3.5,610
50058170,,,,,,Yes,,,,,,,,,Yes,,,,,,,,,,,,,,,,Moderate,A,3.5,22
50039396,,,,Full Bar,,No,,,,,,,Street,,Yes,,,,,,,Casual,,,,,,,,,$31-60,B,3.5,1259
40591422,,,,Full Bar,,No,,,,,,,Street,,Yes,,,,,,,Casual,,,,,,,,,$11-30,B,3.0,140
50001786,,,,Full Bar,,No,,,,,,,,,Yes,,,,,,,,,,,,,,,,$11-30,A,3.5,27
41665625,,,,Full Bar,,Yes,,,,,,,Street,,Yes,,,,,,,Casual,,,,,,,,,$11-30,A,4.0,167
40369940,,,,No,,No,,,,,,,Street,,Yes,,,,,,,,,,,,,,,,$11-30,A,3.5,142
50003434,,,,No,,Yes,,,,,,,,,Yes,,,,,,,,,,,,,,,,$11-30,,3.0,38
41459743,,,,Beer & Wine Only,,Yes,,,,,,,Street,,Yes,,,,,,,,,,,,,,,,Under $10,A,3.5,134
41046455,,,,Full Bar,,No,,,,,,,Street,,No,,,,,,,Casual,,,,,,,,,$11-30,,4.0,1934
41721343,,,,,,No,,,,,,,Street,,Yes,,,,,,,,,,,,,,,,Inexpensive,A,5.0,38
41382808,,,,,,,,,,,,,,,,,,,,,,,,,,,,,,,Moderate,,4.0,168
40824644,,,,Full Bar,,Yes,,,,,,,"Garage, Street",,Yes,,,,,,,Casual,,,,,,,,,$11-30,A,3.0,343
40368338,,,,Full Bar,,,,,,,,,Street,,,,,,,,,,,,,,,Juke Box,,,Inexpensive,A,3.5,58
41327917,,,,Full Bar,,Yes,,,,,,,,,Yes,,,,,,,Casual,,,,,,,,,$11-30,,3.5,49
40659211,,,,,,,,,,,,,,,,,,,,,,,,,,,,,,,Pricey,A,3.0,20
50032771,,,,,,,,,,,,,,,Yes,,,,,,,,,,,,,,,,Under $10,A,2.5,23
50034972,,,,Full Bar,,,,,,,,,,,,,,,,,,,,,,,,,,,Moderate,A,4.0,48
41032440,,,,Full Bar,,No,,,,,,,Street,,No,,,,,,,Casual,,,,,,,,,$31-60,A,3.5,1470
41538244,,,,Full Bar,,No,,,,,,,Street,,Yes,,,,,,,Casual,,,,,,,,,$11-30,A,4.0,181
40965997,,,,No,,Yes,,,,,,,Street,,Yes,,,,,,,,,,,,,,,,$11-30,A,4.0,77
