CAMIS,DBA,fetched_restaurant,similarity_index,sentiment_score,Accepts Credit Cards,Accepts Bitcoin,Accepts Insurance,Alcohol,Appointment Only,Caters,Coat Check,Delivers,Dogs AllowedHair Types Specialized In,Happy Hour,TV,Outdoor Seating,Parking,Smoking Allowed,Take-out,Takes Reservations,Waiter Service,Wheelchair Accessible,Wi-Fi,Opened 24hrs,Gender Neutral BathroomsAmbience,Attire,Best Nights,Good For Dancing,Good For Groups,Good For Kids,Good For Meals Served,Music,Noise Level,Price Range,price_range,health_score,overall_rating,overall_reviews,violation_score
41023740,JOHNY'S LUNCHEONETTE,JohnyвЗёs Luncheonette,95.0,0.8054219999999997,,,,No,,Yes,,,,,,,Street,,Yes,,,,,,,,,,,,,,,,Under $10,A,4.5,799,14.8
50036129,BISTROT LEO,Bistrot Leo,100.0,0.8026687499999999,,,,,,,,,,,,,,,Yes,,,,,,,,,,,,,,,,,A,4.0,17,17.666666666666668
40559633,GOTHAM CAFE (INSIDE THE WATSON HOTEL),The Watson Hotel,60.0,0.1276308270676692,,,,,,,,,,,,,,,,,,,,,,,,,,,,,,,Moderate,,2.0,133,18.25
41651780,THE GUTHRIE INN,The Guthrie Inn,100.0,0.768720535714286,,,,Full Bar,,,,,,,,,Street,,,,,,,,,,,,,,,,,,Moderate,A,4.0,112,14.333333333333334
50061531,RENAISSANCE HARLEM,Renaissance Harlem,100.0,0.773691666666667,,,,Full Bar,,,,,,,,,Street,,Yes,,,,,,,Casual,,,,,,,,,$31-60,C,4.0,108,32.0
41089876,SARABETH'S,SarabethвЗёs,90.0,0.6947299999999997,,,,Full Bar,,No,,,,,,,Street,,Yes,,,,,,,Casual,,,,,,,,,$11-30,A,3.5,1629,23.8
50035739,BEC,BEC,100.0,0.6424654999999998,,,,Beer & Wine Only,,Yes,,,,,,,Street,,Yes,,,,,,,,,,,,,,,,$11-30,A,3.5,228,8.666666666666666
40383511,BRANDY'S PIANO BAR,BrandyвЗёs Piano Bar,94.0,0.5259215000000002,,,,Full Bar,,,,,,,,,Street,,,,,,,,,,,,,,,Live,,,Moderate,B,3.5,236,23.25
50033151,GOURMET 53,Gourmet 53,100.0,0.7521648351648349,,,,No,,Yes,,,,,,,,,Yes,,,,,,,Casual,,,,,,,,,Under $10,A,4.0,91,28.4
40375839,COZY SOUP & BURGER,Cozy Soup вЗnвЗё Burger,89.0,0.389489,,,,Beer & Wine Only,,No,,,,,,,Street,,Yes,,,,,,,,,,,,,,,,$11-30,A,3.0,391,11.0
40720911,ANOTHEROOM,Anotheroom,100.0,0.7532775510204084,,,,Beer & Wine Only,,,,,,,,,Street,,,,,,,,,,,,,,,,,,Moderate,A,4.0,148,9.666666666666666
50018300,CAFE R,Cafe R,100.0,0.4517180000000001,,,,Beer & Wine Only,,Yes,,,,,,,Street,,Yes,,,,,,,,,,,,,,,,Under $10,A,3.0,257,19.2
50006102,PINO WINE BAR,Pino Wine Bar,100.0,0.8038159420289852,,,,Full Bar,,Yes,,,,,,,Street,,No,,,,,,,Casual,,,,,,,,,$11-30,A,4.5,138,10.25
41305028,MADISON & VINE,Madison & Vine,100.0,0.6081981249999997,,,,Full Bar,,No,,,,,,,Street,,No,,,,,,,Casual,,,,,,,,,$31-60,A,3.0,160,8.5
40391979,SUTTON CAFE RESTAURANT,Madison Restaurant,70.0,0.5731195,,,,Full Bar,,No,,,,,,,Street,,Yes,,,,,,,,,,,,,,,,$11-30,A,3.5,321,13.5
41616853,THE ALLIE WAY SPORTS BAR & GRILL,The Allie Way Sports Bar - CLOSED,83.0,0.7824479166666666,,,,Full Bar,,,,,,,,,Street,,Yes,,,,,,,,,,,,,,,,$11-30,A,4.0,49,13.0
41623475,POTBELLY SANDWICH WORKS,Potbelly Sandwich Shop,84.0,0.5238551912568307,,,,No,,Yes,,,,,,,Street,,Yes,,,,,,,,,,,,,,,,Under $10,A,3.5,183,11.5
40623604,GOOD ENOUGH TO EAT (A.G. BISTRO),Nougatine at Jean-Georges,39.0,0.7713930000000004,,,,Full Bar,,No,,,,,,,,,No,,,,,,,Dressy,,,,,,,,,$31-60,,4.0,1038,26.166666666666668
41553930,CITY WINERY,City Winery,100.0,0.6841790000000003,,,,Full Bar,,Yes,,,,,,,Street,,No,,,,,,,Casual,,,,,,Live,,,$11-30,A,3.5,610,25.0
50058170,GREEN APPLE GOURMET,Green Apple Gourmet Food,88.0,0.42723181818181805,,,,,,Yes,,,,,,,,,Yes,,,,,,,,,,,,,,,,Moderate,A,3.5,22,42.0
50039396,SUGAR FACTORY MEATPACKING,Sugar Factory,68.0,0.687735,,,,Full Bar,,No,,,,,,,Street,,Yes,,,,,,,Casual,,,,,,,,,$31-60,B,3.5,1259,29.5
40591422,THE PARLOUR,The Parlour,100.0,0.5952342857142853,,,,Full Bar,,No,,,,,,,Street,,Yes,,,,,,,Casual,,,,,,,,,$11-30,B,3.0,140,22.5
50001786,DAG'S THE PATIO,DagвЗёs Patio Cafe,65.0,0.43805925925925926,,,,Full Bar,,No,,,,,,,,,Yes,,,,,,,,,,,,,,,,$11-30,A,3.5,27,25.0
41665625,FORGTMENOT,Forgtmenot,100.0,0.7734017964071855,,,,Full Bar,,Yes,,,,,,,Street,,Yes,,,,,,,Casual,,,,,,,,,$11-30,A,4.0,167,13.0
40369940,THE NEW AMITY RESTAURANT,The New Amity Restaurant,100.0,0.6016328571428573,,,,No,,No,,,,,,,Street,,Yes,,,,,,,,,,,,,,,,$11-30,A,3.5,142,14.5
50003434,Q MARQET,Q Marqet,100.0,0.5482842105263157,,,,No,,Yes,,,,,,,,,Yes,,,,,,,,,,,,,,,,$11-30,,3.0,38,19.0
41459743,EVERYDAY GOURMET DELI,Everyday Gourmet Deli,100.0,0.5626218045112782,,,,Beer & Wine Only,,Yes,,,,,,,Street,,Yes,,,,,,,,,,,,,,,,Under $10,A,3.5,134,22.4
41046455,FREEMANS (FREEMANS ALLEY),Freemans,48.0,0.7627285000000004,,,,Full Bar,,No,,,,,,,Street,,No,,,,,,,Casual,,,,,,,,,$11-30,,4.0,1934,18.2
41721343,COFFEE SHOP DINER,Classic Coffee Shop,61.0,0.8059289473684212,,,,,,No,,,,,,,Street,,Yes,,,,,,,,,,,,,,,,Inexpensive,A,5.0,38,33.0
41382808,STUDIO TWENTY ONE,M&M studio nyc,58.0,0.7124227544910183,,,,,,,,,,,,,,,,,,,,,,,,,,,,,,,Moderate,,4.0,168,11.5
40824644,MERCURY BAR,Mercury Bar,100.0,0.6458109999999998,,,,Full Bar,,Yes,,,,,,,"Garage, Street",,Yes,,,,,,,Casual,,,,,,,,,$11-30,A,3.0,343,19.6
40368338,BRADY'S BAR,BradyвЗёs Bar,91.0,0.6955189655172411,,,,Full Bar,,,,,,,,,Street,,,,,,,,,,,,,,,Juke Box,,,Inexpensive,A,3.5,58,12.0
41327917,PIER 66 MARITIME,Pier 66 Maritime,100.0,0.5904979591836735,,,,Full Bar,,Yes,,,,,,,,,Yes,,,,,,,Casual,,,,,,,,,$11-30,,3.5,49,12.0
40659211,NOSH! - COURTYARD BY MARRIOTT,Courtyard Marriott,77.0,0.3480899999999999,,,,,,,,,,,,,,,,,,,,,,,,,,,,,,,Pricey,A,3.0,20,8.666666666666666
50032771,WEST SIDE CAFE AND PIZZA,West Side Cafe,74.0,0.21372608695652176,,,,,,,,,,,,,,,Yes,,,,,,,,,,,,,,,,Under $10,A,2.5,23,24.4
50034972,THE RICKEY COCKTAIL LOUNGE,The Rickey,56.0,0.7192208333333333,,,,Full Bar,,,,,,,,,,,,,,,,,,,,,,,,,,,Moderate,A,4.0,48,8.333333333333334
41032440,CLIFFORD CHANCE CAFETERIA,Mercer Kitchen,26.0,0.6308055000000004,,,,Full Bar,,No,,,,,,,Street,,No,,,,,,,Casual,,,,,,,,,$31-60,A,3.5,1470,5.666666666666667
41538244,BRAVEST,Bravest,100.0,0.7643359116022099,,,,Full Bar,,No,,,,,,,Street,,Yes,,,,,,,Casual,,,,,,,,,$11-30,A,4.0,181,11.25
40965997,BONSIGNOUR,Bonsignour,100.0,0.648498701298701,,,,No,,Yes,,,,,,,Street,,Yes,,,,,,,,,,,,,,,,$11-30,A,4.0,77,20.4
