,er_name,er_location,er_freinds,er_reviews,er_photos,er_rating,er_date,er_text,er_useful,er_funny,er_cool
0,Diane V.,"Massapequa, NY",0,12,20,4.0,8/7/2018,Very delicious Party atmosphere Appetizer & dinner cooked & served to perfectionAir conditioner could have been a little stronger,,,
1,Lauren C.,"East Meadow, NY",201,18,0,2.0,9/2/2018,"Let me start by saying I've been to a couple of the Pig n Whistle locations and it's a favorite for when friends come into town and we're looking for solid bar food. I'm now sitting in front of burnt bread, crab and asiago dip that may as well be cheese I put in the microwave, and the most bland French onion soup imaginable. The kicker? Not all food is good, but the experience can still be. Our bartender spent all of his time flirting with one of the waitresses and never even asked us how our food was. Sad excuse for service.",2,,
2,Steve R.,"Mableton, GA",86,144,425,3.0,8/17/2018,"Super fun restaurant/bar. Would be awesome to watch a game here I'm sure. I came in here to grab a quick bite to eat and get a quick beer before I started on a little bit of a walking adventure.I got here a little before lunch time so when I sat down at the bar, the place was pretty empty. I think there was just one other person, but he may have been a vendor/supplier.I just got the sliders for a quick bite and a Bud Light. Here is where I was thrown off....I wasn't expecting much from this place in regards to food, but the sliders were outstanding!!! Perfectly cooked and seasoned. Amazing actually. The beer however, tasted a little off and was a bit flat. With this place having such a huge cool bar, I expected the beer to be their game. For the food I was expecting typical bar food. Total opposite.I would come back to this place to watch a game or something since the bar was so cool and I bet it would be a good atmosphere. I would order a cocktail next time though.",,,
3,Briana S.,"Appleton, WI",178,88,9,3.0,11/7/2018,"Average food, pretty reasonable, but the atmosphere is very inviting. You really feel like you're in an Irish pub.",,,
4,Jenn H.,"East Meadow, NY",260,54,386,3.0,9/10/2018,"So this bar is good for a trendy drink if you're In the mood to be hipster for the night. I don't think it's anything special, but it'll do just fine for a quick stop to just shoot the shit. The drinks are a little overpriced(not at all surprising in NYC) and mine at least were weak. The place was clean and I'll say the bathrooms were immaculate which I was very surprised about. I'm taking away a star because nobody ever came to take our food/drink order until 20 minutes after we got there and there , and one more because my cranberry and vodka had a table spoon of vodka and was basically all cranberry. They also ran out of Malibu Rum which I thought was odd. Not bad, but nothing to brag about either.",1,,
5,Cathy A.,"New York, NY",0,9,10,5.0,11/9/2018,"Go here every time we visit NYC! Great food, fun awesome atmosphere! Prices reasonable for the city. A must go to place ! Staff always friendly",,,
6,Aurora C.,"Long Island, NY",171,70,137,5.0,4/3/2018,So delicious. I wasn't expecting the quality that I received. I ordered the Bangers n Mash and the gravy really set the meal over the top. The sausages were so soft and juicy. There was a decent portion of mashed potatoes too. We also ordered the Fish N Chips which were fried to perfection!,1,,
7,Ashley J.,"Clarksville, TN",0,6,7,5.0,8/24/2018,"We've spent a week in New York and have been here several times. The happy hour is awesome if you enjoy beer and vodka, $5 drinks! The homemade meatloaf is to die for. The Roasted Turkey is good, but would be great with mayo or some type of sauce. I Will definitely come back. And I've included the WiFi, you're all damn welcome.",,,
8,Stephanie S.,"Irvington, NJ",74,136,68,3.0,7/18/2018,Came for $5 drinks during lunch time. Nice atmosphere. Bartender was nice. Drinks were ok. I can see myself coming back to try some food and more drinks. I'll give a more detailed review then.,,,
9,Lorie D.,"Girard, OH",0,13,40,1.0,9/2/2018,Awful place. I hate to do this but they deserve it.  Not a soul around to take a order for 10 Min. Then a man came over and said we could not serve unless we ordered food. So we ordered risotto balls the oil was old. Left a after taste on my mouth from the nasty thing. The real they get one Star is the drink was good and the beers were cold. Also dirty table and hot inside no air.,2,,
10,Brendan M.,"Boston, MA",2,3,0,1.0,10/6/2018,The food was 3/10 and lacked any urgency in service. My second review I've ever written.,,,
11,Jedsada Y.,"East Elmhurst, NY",282,491,1567,3.0,11/18/2017,"$1 oysters all day everyday. Great deal, right? Well, if you're into Bluepoints oysters, this is probably your spot. At one point I was looking for our waitress, and she was nowhere to be found. I shouldn't work this hard to get a little cup of horseradish and malt vinegar. Why do they serve oysters with just cocktail sauce though?Great beer selection on draft.",1,2,1
12,Shannah H.,"Plano, TX",299,939,1929,4.0,10/29/2017,"Great atmosphere - cozy, plenty of TV screens and obviously very popular. Just what you expect from a pub. The only strike are the drink prices. A Woodford Reserve Neat = $14. Woodford Reserve is good, but that's a little high. Still, I'm glad we stopped in here for a nightcap. It felt like a truly NYC clubby end to our evening.",2,,
13,Sonya C.,"Indianapolis, IN",64,113,91,1.0,12/5/2017,I stopped in here to kill some time while on a business trip to New York. It was about 3 in the afternoon when we went here. Can I just say how AWKWARD their servers were?! We sat at the bar and the two different bartenders stood directly in front of my co worker and I for the entire hour we were in the building. It was so uncomfortable. Honestly wouldn't go back for that alone. Beer menu seemed pretty good. And drinks were reasonably priced,,,
14,Veronica C.,"Bronx, NY",202,95,191,5.0,9/8/2017,"$1 oysters, $5 happy hour drinks, pretty varied menu, need I say more? Service is always friendly and the atmosphere is very chill. There are several TV screens posted so you can watch the Mets lose or US open, whatever. The bathrooms are clean, and there is a lot of indoor seating. 9/10, overall. My only recommendation is having the venue a bit brighter late at night. It can be a bit dim!",2,2,2
15,Devin L.,"Yonkers, NY",309,729,108,4.0,9/9/2017,"I was in the area and I've been to the one on the East Side, so I knew that the food was going to be good.  As I passed, it seemed pretty sleepy inside, not too many people.  It was almost 1pm, so I met a friend around the corner and suggested we go over there.  In the 5 min that took, the bar packed up.  We were seated upstairs, right by the window.  It was really nice.  The window was open, beautiful day, sure it was loud outside, but so what.I had an Allagash White, it was bottled, but still nice and cold.  The waitress was right there for us.  My friend was on lunch and they did a great job of getting us our drinks and food in a quick fashion.I got the meatball sliders.  You get 3 individual meatball sandwiches and some potato wedges.  The sliders were delicious, not too much sauce, so not messy.  A really nice quick meal.  The wedges were good as well.Really nice Midtown bar.  I liked it as much as the one on the East Side.",1,1,1
16,Marie D.,"Phoenix, AZ",238,58,4,2.0,3/31/2018,"Food was good, but some of the worst service I've ever gotten. Waiter couldn't have possibly avoided us more, and it took longer to get drinks than it did to get food. And TBH not even sure there was alcohol in the drinks we first got",,,
17,Don S.,"Liberty, NY",23,32,18,5.0,7/22/2018,We stopped in to grab some food before getting on the train. World Cup was on every TV. I was good to go. There were only a couple of tables and they were reserved for later but the hostess sat us anyway. I was impressed again and we just walked in. Atmosphere was lively. Food was good. Had a good pour of Guinness. I will be back.,,,
18,Rhea Z.,"Staten Island, NY",107,215,242,5.0,12/14/2017,"I abs love the food here. Always looking for a pub that serves bangers and mash, as well as meatloaf. Omg on a Wednesday night it was pretty packed. Our waitress was super nice and great recommendations. I ordered the bangers and mash and it was amaze balls. My favorite part was definitely the onions. Omg. I wish i had more. I will definitely be back to try more of the menu.",1,,1
19,Heidi S.,"Wethersfield, CT",0,9,0,1.0,10/1/2018,"Got there at 6:30 plenty of time to make 8:00 concert. Not terribly busy but took forever for anyone to take order. Took forever to get salads about 45 min later, waitress comes over and tells us kitchen is backed up and we may not be served for another 10 min. That would have made us late for concert. Left only having salad. Very frustrating!",,,
20,Cathy P.,"Ashburn, VA",15,26,1,4.0,7/28/2018,Bangers and Mash Two thumbs up. Had the Chicken Jameson and the portion was large and very good. Good Guinness. Good cider and double shot Jameson-all a hit. Oh and don't let me forget the Irish Nachos - YUM,,,
21,Tracy T.,"Buckeye, AZ",0,6,3,3.0,7/22/2018,"The place is clean with good service but the food is absolutely horrible. We had soup and appetizer and an entrée and they were all bland with no flavor and didn't taste good at all. If you're going for drinks or to watch sports, this place is great. If you're going for food. Choose somewhere else.",,,
22,Dana R.,"Manhattan, New York, NY",18,3,1,5.0,3/8/2018,"Charming and authentic feel. I have been to many pubs in Ireland and The Pig and Whistle feels like I've crossed the ocean and landed in Cork! Smithwicks on tap as well as regular American beer. Went there 3 times in two days. Had the Fish and chips, Shepard's pie twice it was that good. Attentive but not intrusive staff. Irish music played over the speakers but during happy hour a nice selection of newer tunes. Wish I could be here for their St. Pats celebration next week.",,,
23,J. M.,"Atlanta, GA",0,52,88,3.0,1/13/2018,"Great barPlays my kind of music AND they make an Irish Coffee the correct way! BNice walk in find.  Very casual atmosphere with loud music.  Good place to hang out. Not really an ""Irish"" bar...more of a good around bar that serves Irish drinks",,,
24,Sarita B.,"Brooklyn, Brooklyn, NY",21,16,26,4.0,8/26/2017,"I came here after work with some coworkers for dinner and drinks on a Wednesday evening. Overall, I really enjoyed my experience and would visit this place again! Please see below for the pros and cons of my experience: Pros: The food comes in sizable portions and is delicious! I ordered the penne alla vodka and it was honestly one of the best that I've had in a while! Both my coworkers were raving about the mac n cheese with bacon so I'm definitely planning on trying that the next time I go here!We arrived during happy hour and they had pretty good deals - $5 for certain mixed drinks, which is great for the area!The atmosphere of the bar area is lively! I loved the décor inside and the really high ceilings! Cons: For a Wednesday evening, the bar was pretty loud and I had a hard time conversing with my coworkers.Our waitress was friendly, but I thought it was very strange how she dropped my drink off at the table without saying anything. I didn't even notice that my drink  had arrived for over 10 minutes, which has never happened to me before.",,,
25,Viviana R.,"Whittier, CA",2,10,1,2.0,1/7/2018,"Stopped by on a company dinner today. All I have to say thank God I was not paying for this dinner! I ordered a burger ""whistle burger "" the tip bun was hard! The meat and the toppings taste like nothing!Honestly I won't be back ever!",,,
26,Greg G.,"Huntington, NY",73,5,20,4.0,6/18/2018,"Good food and good menu selections even with kids, service was pretty decent too. Perfect stop before getting on the train at Penn.",,,
27,Jahsid M.,"New York, NY",166,92,41,4.0,8/30/2017,"this place is just excellent, the music is there but not so loud it becomes obnoxious the theme and decor are is nice they really nailed it, I had some laughs and funny moments with the men's bathroom as the door has a really funny design flaw anytime you wash your hands be prepared to get hit by the door when someone opens it to walk in, the place is spacious you will never feel like you're surrounded or you have a mob on top of you, the staff is very courteous and warm it's rare to be greeted or even interact with the person bringing your food or cleaning up your table as they usually just rush away awkwardly or timid but here everyone is your friend not just your server, I think the food is great and the service is up to par and the theme is just the icing on the cake I can see what all the hype is about.goddam the creme brulee has the perfect touch to play off of the bitterness of the strawberries I've had lots of prior experiences with creme brulee, none this memorable that I actually notice the synergy between that of the strawberries and creme brulee it's poetic.",,,
28,andrea p.,"New York, NY",347,450,859,4.0,12/21/2016,"Surprisingly good , the service was efficient even though a little scattered . The waitress was very nice .The food was also good and consistent . The decor is very nice me bigger than I thought when we first walked in .The 5 star is missing because the place smelled bad . It was a combination of stale fish and meat that lingered in the air.Over all a good place to stop by if in the area .",2,1,2
29,Lisa S.,"Moorhead, MN",0,19,9,4.0,5/10/2018,"Second attempt to get beer and wings in NYC.  We sat ourselves after walking in so it took a few minutes to get service.  Our food came out really quick after we ordered.  The wings were really good.  The fries are on the gross side.  They are very soggy and flimsy, I'm not sure if they aren't cooked long enough or if they sat in grease but I would have to say they are probably the worst fry I have ever eaten.. my daughter had the pulled pork with fries and said it great except the fries.  My husband had the bangers and mash and said it was good as well.  The waitress did offer us a second round of bar drinks shortly after receiving our food however My daughters soda glass was empty (my biggest pet peeve in a restaurant) and our waitress not only never came around to refill but did not offer any more drinks. We finally asked for a check.",,,
30,Casey D.,"Philadelphia, PA",212,56,29,5.0,4/12/2018,Great happy hour experience here! We hung out at the upstairs bar and ordered a platter- the food was great! Mozzarella sticks and spinach dip were both amazing!,,,
31,Rebecca F.,"Silver Spring, MD",15,96,160,4.0,12/30/2016,"Great find in NYC and very convenient location! Food & Service (5 stars) Cleanliness (4 stars)Extremely scrumptious Guinness Beef Stew (5 stars)Minestrone Soup (5 stars) Filled with veggies and macaroni Garden Salad (4 stars): for $8.95 the portion is kind of small and there were some wilted pieces but the ranch dressing was so tasty!Cream of Mushroom soup (3 stars): my brother said it was okay but wished he ordered something else.Great selection of beers (5 stars)With the bus stop back to DC right near the restaurant we decided to eat here before we boarded the bus. Great decision  With all of the Irish  restaurants in NYC to choose from, this is top notch!I put 4 stars because the women's bathroom stalls looked like they hadn't been dusted and cleaned in quite some time. Overall, I will put this on my list of places to return to when I visit NYC!",,,1
32,Hillary S.,"Guilderland, NY",60,13,47,4.0,9/8/2017,"Step back in time to a true Irish pub. Our group of 5 sat near the front on a high top table, fit us perfectly. Our waitress was amazing, she was able to give us the low down on the menu. She made our evening. Our group had a variety of foods, chicken quesadilla, pasta carbonara, goat cheese salad, and a quinoa salad. Hands down a place to eat when your near Penn station.",,,
33,Ken C.,"New York, NY",50,684,2,3.0,6/11/2017,"Location and Location.  Sometime you just have to walk to side street.  $1 oyster for happy hour.  Service could be a problem because the waiter spend more time talking to the group of ladies, then doing his job (which is OK from a guy perspective, but not for customer and the owner).  We end up with a cute female waitress (Kelly).  An average bar foods and nothing too crazy.  They do have good selection of drink.  You will see some tourist, but majority is local people. One of the major problem is there waitress and the server never synced up before the food come to the dinner.  (Service is important in today NYC).",,,1
34,Tom C.,"Long Branch, NJ",125,227,200,5.0,12/19/2017,This bar is awesome and it's so close to ny penn station. Plenty of seating and the bartenders and staff were very friendly. They have a great selection of beer.,,,
35,Krystle M.,"Tampa, FL",272,205,497,2.0,7/24/2016,"Two stars because we were FINALLY able to get drinks. If it weren't for its adorable name, I'd never walk into another Pig and Whistle in the city, yet I keep going back. This is a standard bar in tourist-laden midtown with substandard service. Went in with some friends after having dinner at a nearby steakhouse. All of us being locals or having been NYC locals knew not to expect any service above the standard, but I, for whatever bizarre reason, expected at least the average. The bartender was nothing short of the word terrible. After walking in and making direct eye contact with the bartender, he walked the opposite direction of my friends and I, and began socializing with a man sitting at the bar (presumably a friend who was visiting him on his shift). It took almost a solid 10 minutes to get him to come back to our end of the bar and take our drink orders. It wasn't busy and it was a Thursday. In midtown. This place is shit. The Playwright is a block or two away. Go there and spend your money on better service. Plus, Playwright buys back beers. You're welcome!",3,1,1
36,Allison P.,"Seattle, WA",95,511,212,4.0,7/9/2016,"This is your typical sports pub! Nothing super fancy but very decent bar food! With lots and lots of tvs playing every sport you could think of!!!! We got the wings, ribs and coleslaw!!! Let's start with the wings they were amazing!!! Nothing fancy just good wings with the right amount of spice! The blue cheese dressing served with them was amazing!!! So many huge chunks!!! The coleslaw was really yummy just a super small size, which was ok since my husband is not a fan so I didn't have to share! And the ribs delicious! Perfect fall of the bone! Staff was kinda hit or miss but I think it was because so many people were watching the game they didn't want to bother people. That being said our drinks were always full! Just really slow with the check. All the servers were friendly!",2,,
37,pippa s.,"Columbia, SC",0,22,1,5.0,9/5/2017,"We hired The Last Nites who play here from time to time for a family wedding. They were playing when the 95 guests entered the room and there was never a moment when the dance floor was empty. As the night wore on, they took it up a notch and after 5 hours, most of us could hardly move. What a great band! Catch them here whenever you can.",1,1,1
38,Sarah P.,"New York, NY",362,209,333,4.0,9/8/2016,I'm a sucker for pubs and this one doesn't disappoint. I like how relaxed and kind the atmosphere is and I truly enjoy drinking at this bar.That being said- NOT A FAN OF THE $15 minimum. $10 I can understand but don't push my buttons!I keep going back for the crab Asiago dip. Truly a staple. Sucks that the location near my work doesn't have it.4/5,,,
39,Alice P.,"Valley Stream, NY",2,59,17,4.0,8/22/2016,The  Whistle burger was good but a lot of bread. The prices are a tad high for a burger but it was delicious.  No happy hour. Booo to that. Booing around the corner to get happy hour drinks.,,,
40,Victoria B.,"San Mateo, CA",14,22,3,2.0,2/12/2017,"Cool location, like the interior, good selection of alcohol, decent food. The prices are pretty high (I.e 8$ for a Stella) but I guess standard given the location.Unfortunately, we had a terrible waiter which lowered my rating. He acted like we annoyed the hell out of him every time we asked for something (normal things mind you, like a drink or the check). He basically reflected bad vibes and made us want to leave quickly.. maybe the other staff are friendlier but no one really cracked a smile or made us feel welcome.",1,,
41,Chris B.,"Hamilton Township, NJ",162,12,0,1.0,5/18/2018,My girlfriend got beer poured on her by another patron and my girlfriend ended up getting kicked out of the bar by the bouncer. Not sure how that happens. This place is awful do not come here. The bouncers do not pay attention to what is going on inside. They clearly are here just to view what is going on in the street. DO NOT waste your time at this place it is awful.,,,
42,Gina M.,"Washington, DC",35,131,157,1.0,2/7/2016,"Our bus dropped us off directly in front of this spot & due to lack of food, came in this bad judgement call on food. We were ""escorted"" by our hostess upstairs only to have her leave us cause we had to maneuver with all our luggage through the crowd of people. We ended up seating ourselves at one of the tables at the bar and waited a good 5 minutes before being helped. We ordered 6 oysters (since they were $1 each), a draft beer, mixed drink & mozzerla sticks. Don't fool yourself with these disgusting oysters. No wonder they're only $1. If the Hudson River had oysters, they probably got them from there. Gross! My beer was cool not cold as it should be. We paid $9.99 for 5 mozzerela sticks that were deep friend straight from the freezer. Between the service, warm beer and those atrocious oysters, no way would I recommend this place. Stay away!!",3,,1
43,Grubbing G.,"Hampton, VA",91,40,150,2.0,5/20/2017,"I didn't at first take it personal but I couldn't understand what the waiter and waitress had against my guest and I. She ordered a turkey burger and got a turkey club sandwich, the waiter (manager) replaced the waitress who screwed up my order the first time, he and the waitress. seem to be distracted by everything else! I had to get out my seat several times to get service like another dozen of oysters, box for my leftovers, and the bill... when the turkey burger did arrive ""it was dry,"" my fish and chips had no flavor... as we were leaving, there wasn't even a ""thanks for coming"" as we left,  "" won't happen again""",,,
44,Jacqueline P.,"Palisades Park, NJ",19,134,71,3.0,3/16/2016,"Solid pub with two floors and decent amount of drafts. Stella for 6.50 and club soda for 3.50!!!!!!!????? Is it at least Perrier?! Bartender nonchalantly asks for 3.50 on the second floor. Did she make that up on the spot? Anyway, decent pub in midtown. I'd probably come by for beer if I was in the area.",,,
45,Anthony P.,"Manhattan, New York, NY",6,11,0,1.0,10/17/2017,"Classic Irish Pub in Midtown. I was there with two friends from Italy and we had a discrete dinner, nothing exceptional. But the surprise was at the end in our bill, where 18% gratuity was already included! I work here since two years and this happened for the first time: I asked to the waitresses explanation. One of them answered ""This is a touristic place"", the other one showed me the rule of ""minimum of 6 persons for the gratuity"" on the menu (we were in 3). What about the word ""Sorry""? Learn how to be HONEST, with everybody! Please pay attention to this place, in particular at the end with the ""dishonest waitresses""... you make me sick!",,,
46,Diane H.,"Sarasota, FL",19,226,75,3.0,12/29/2016,"The service was fabulous.  On a rainy Thursday morning (abt 11:30). I happened in here to get some lunch before catching the Washington Deluxe bus to D.C.A sports pub, with a pretty full specials menu.  I went with the turkey panini sans the bacon  which came with French fries and I added a soda.Place was pretty empty, but my server was solitious and even noticed I had a bad cold and brought me a cup of hot water with lemon and cloves to drink before getting on the bus.  I did not feel rushed at all.The sandwich was pretty bad.  I think it was the bread and perhaps the lack of a panini press (it was more like a roll that was grilled).  I ate the turkey and left the one slice of cheddar cheese stuck to the bread.  Fries were ok, typical bar food.So the three stars are all for my waitress.  Absent that service it would have been a stretch for 2, but it was out of the rain while I waited for the bus!",,,
47,Julian E.,"Williamsburg, NY",3,57,25,3.0,3/18/2017,Cover charge of $20pp was steep.BUT....staff made sure a table was available for use. Good and upbeat service.THOUGH the pints of Guinness where American size (no real surprise).OVERALL it wasn't too bad. Decent food. Good Guinness and nice staff....just a little pricey for the six nations game.,,,
48,Richard S.,"New York, NY",21,7,1,5.0,7/18/2017,One of the best $1 oyster pubs there is.  In midtown that is. Each time I come here there is a varied type of oyster.  Delicious.,,,
49,Rob H.,"Centralia, WA",4,219,30,4.0,6/19/2017,"Had dinner here and enjoyed it very much.  The atmosphere is like an English pub.  They have a large selection of beers (I don't really drink).  The service was fast and friendly.  We all enjoyed our meals.  I had chicken pot pie and it was great. Others had salmon, Meat loaf, burger- they were all good.  The prices are a little high but that's probably because of the location. I would definitely come here again.  Would be a great place to go after work.",,,
50,Emily L.,"Syracuse, NY",71,14,10,2.0,8/10/2017,"Decent food, beautiful interior-horrible service. If you like brunches that take 3 hours to consume a mimosa and avocado toast-this is your place. Our server was making drinks while the bartender texted on her phone. Our server didn't know what types of vodka they had and we didn't get our drinks until 30 mins after ordering. It was decent, but I won't be returning.",,,
51,Christine N.,"Manhattan, NY",140,351,290,3.0,7/30/2016,"Now that I work with some people who like going to the same place over and over again (like the TV show ""Cheers""), I have frequented this place a lot.  I'm talking like I end up having to go here like once every two weeks . . . consistently.  On an upside, I have never had to pay for drinks or food at this place and as I have mentioned I have oft had to partake of both and likely will have to continue to do so.  The first time I was here I thought this was an okay sports bar with decent food and an upstairs space for private parties.  Now at this point I'm a bit sick of going to this place but I am stuck.  I think men (and those women) who watch football religiously every Sunday would like this place, but that isn't really me.  If that is you though, you might like it here.  There aren't that many screens and not as big as other places, but this place is casual, easy, and I get the impression reasonably priced.",3,2,1
52,Jesi A.,"Indianapolis, IN",10,12,0,2.0,7/29/2017,Ehhh... Nothing Special. Service was very slow and we had to flag our waitress every time. Got the wrong appetizer.,,,
53,Douglas B.,"Baldwin, NY",3,11,2,1.0,11/28/2017,"Stopped into Pig N Whistle on my way back into NYC for a beer and What caught my attention was $1 Oysters. The Oysters were good,problem was ""they weren't shucked"",My other issue is $8 for a Coor's Light seems a bit extreme. Probably my first and last visit.",,,
54,Sushma T.,"Edison, NJ",379,167,1388,4.0,5/18/2015,"So I came here on a Sunday brunch mission on a super busy graduation sunday in the city. Service was prompt and our waitress was completely on point. For the vegetarian, the veggie burger was surprisingly great. I was not expecting it to be as fresh and tasty in such a place. the food did take a while to come out and was not justifiable considering it was not that busy inside the restaurant. Waitress was very friendly albeit slow in refilling drinks, etc. Others with me got the $1 oyster special, and they said it was fresh and tasty. Lots of TVs and they were playing english premier league football (soccer) which was really my main draw in. Overall, a decent place for good inexpensive eats and to enjoy some good conversation and sporting events.",3,3,3
55,Sabrina F.,"Glendale, Queens, NY",272,275,324,4.0,9/22/2015,"Smells horrible in here- like humidity, mixed with mole, and garbage.Once you get past that- order the dollar oysters. They are yummy. Pig n whistle beer is good too.",,,
56,Mihreteab A.,"Queens, Queens, NY",0,3,0,1.0,1/20/2018,The worst place to go to by far. Service sucked and personal belonging lost.,,,
57,Sep B.,"Manhattan, NY",1,18,29,2.0,4/16/2016,"Worst bar food I've ever had. The environment was clean, and the staff was friendly. However, the food was mediocre at best. My cousin and I both ordered a burger- me the Classic, and him the Whistle. My brother ordered the baked potato. Both of our burgers were dry, and the meat had a funky taste. It was the worst burgers we've ever had, and the baked potato was dry. Save your money and eat elsewhere.",1,1,
58,Kim O.,"Morongo Valley, CA",65,145,99,3.0,6/12/2016,This is your typical divey pub. You can come in to get a decent drink. There wasn't anything that made it stand out.,,,
59,Jim B.,"Somerset, NJ",347,1506,175,3.0,4/20/2015,"Typical Midtown Irish-American bar.  24 taps if I counted correctly.  Decor is fine; lots of dark wood.  Bartender working this afternoon was friendly, professional.Most of the taps are American craft beers.  I went out on a limb and tried their house-brand Pig & Whistle Ale - which was very ordinary but cheap at $5.00 for a 12 ounce glass.The food menu seemed inexpensive; so I may go back for lunch.",,,1
60,Aaron C.,"Manhattan, NY",43,7,6,4.0,3/18/2017,Came here to watch Six nations rugby . Great atmosphere and good tv screens. Cover charge was a bit over the top though,,,
61,Aimee H.,"East Rockaway, NY",12,93,0,1.0,12/4/2015,Tried to get a couple of drinks here tonight at 4pm but was told we would have to stand at the bar because they only serve food at tables. I could understand this if there were people at tables but the place was empty except for the bar which had all its chairs full. I could also see if they offered us a table but only until food customers came in. Instead they had no problem turning two paying customers away. We went across the street instead. Had our two drinks and a fabulous night without the help of the pigs.Response to mgmt: I call BS on your claim because the tables were still empty when we finished our drinks at the other bar. Also a good establishment would allow patrons to sit until the table was needed. It seems you are just not a fan of business. That's fine. My company will just take our business elsewhere from now on. Too many other options in this area to deal with poor service.,2,1,1
62,Nicole D.,"Pullman, WA",4,112,56,3.0,6/20/2016,Great place for happy hour and appetizers. I'm sure the rest of the food is as great as the small plates.,,,
63,Dwayne C.,"East New York, NY",29,18,20,1.0,10/16/2014,"I would come to this bar after work once a week to order a drink wings and a dozen oysters. Oysters are tasty @ $1 wings are great but high priced, drinks not so good. I ordered a drink that I did not like. Asked the waitress to change the drink for something else. I was told I would still have to pay for the bad drink. Being that I was well on my way to becoming a regular this shocked me.Despite liking the wings a lot I would never return to an establishment with bad customer service. NYC is filled with other spots to accept that..",2,,
64,Brick W.,"Downtown, San Diego, CA",60,646,1334,4.0,1/24/2016,We only had drinks here and while they were a little pricey they poured a decent enough drink.  I liked the ambiance here it's cosy without being too claustrophobic.  If I lived in NYC I could see myself coming here on occasion.,,,
65,Peepaw H.,"Hazlet, NJ",4,174,0,4.0,5/12/2016,"Had some great meetings in the city on Tuesday. On the way back, the old yelp application said the Pig n Whistle was the place to visit prior to hopping on the train back to Jersey. Sara was the bartender and she didn't disappoint, very attentive, nice personality and solid service. $1.00 oyster special is a homerun. Jameson and Lagavulin poured incredibly well and went down smoothly for the two of us. Yay Sara, Yay $1.00 oysters and Yay Pig n' Whistle!!! Yay, I'm a fan",,,
66,Melanie M.,"Brooklyn, NY",0,1,0,1.0,4/24/2017,This place is HORRIBLE ! Everyone who works here are racist ! & I will NEVER come back here again ! The owner needs to hire a whole new staff !!!! & there food sucks ! It doesn't even deserve a damn star !,2,,
67,Kay. K.,"Brooklyn, NY",738,229,2248,4.0,8/4/2015,Cool place....i mean liquor is everywhere you look...i mean in a sense of decorative but yep there's liquor everywhere you look...i was just in the mood for wings so without look i point at the nearest and the name alone made me curious lol to come i figured they would have some type of pigs on the wall;) but nope didn't see any...service was good drinks was strong so ill definitely be back...until next time piggies;),4,4,3
68,Jeff L.,"Matawan, NJ",45,238,707,3.0,10/4/2015,We have eaten here and at their other location in Times Square.  Stopped in for a quick snack after the theater and had their corned beef sandwich.  Service was very good.  Food arrived quickly and was a very good sandwich.  Typical bar menu but would go back again,1,,
69,Elizabeth Z.,"Cupertino, CA",218,69,7,1.0,9/14/2015,"I came here for the $1 oysters and they ran out of oysters! At least take in the sign so you don't get people's hopes up?! The entire place smells like mildew and pee..and I wasn't even seated that close to the bathrooms. The server was on her phone the whole time...So it took me 8 mins for her to recognize the signs that I was ready to order (you know we all close the menus, tap our fingers on the table, and constantly glance at the waitress as the universal sign that we know what we want to order! )Only good thing about this place is a decently priced drink menu...if you really even want to come just for that.",1,,
70,Shawn S.,"Minneapolis, MN",140,855,47,4.0,10/17/2015,"This is a pretty good pub in MidTown West - just west of Herald Square.  Pretty good in that the food is good, tap selection good, second floor balcony overlooking the street, lots of TVs, fun crowd.  It doesn't necessarily ""feel"" like an Irish pub, more like a sports bar - but still a good bet for a good time with a friendly crowd.",,,
71,Jenny M.,"Beachwood, NJ",171,40,42,5.0,12/16/2015,The homemade beer is wonderful. My nonalcoholic friend enjoyed a sip here and there.,,,
72,James H.,"Centerport, NY",0,4,3,4.0,4/29/2016,"A fun Irish pub where you feel welcomed from the moment you walk in the door. The $1 oysters were fresh and tasty. Plenty of specials and surprisingly, their prices were more reasonable than most pubs in the area. The only reason they didn't get 5 stars was because they were out of a few of their craft tap beers which limited your options. A definite stop on your way to or from Penn or a pub crawl.",,,
73,Jill F.,"Manorville, NY",209,255,194,4.0,1/19/2014,"I usually stop by here for a drink and some appetizers whenever I am in the city. A cool place to go.LOCATION: near penn station which is nice if you're taking the train because the walk is not far at all.DECOR: Cool inside, two floors. Tables and chair alongside one wall, bar and stools with TVs alongside the other wall. Upstairs has more tables and chairs with a small bar and TV in the corner. Also a little balcony upstairs that goes outside. Looks like your average little pub.FOOD/DRINKS: Have yet to order actual entrees from here, but the spinach and artichoke dip and mozzarella sticks are always my go to snack. The spin dip is especially good, mozzarella sticks are pretty average. DRINKS: Drinks are pretty decently priced compared to other bars in the city. Around $6 for a regular beer, only  $5 for drink if its on the specials board. I usually opt for the ""cherry coke"" (cherry vodka and coke) which is usually a special. Comes in a small glass but its pretty strong so I don't mind.SERVICE: Decent service, always seem to have pretty friendly bartenders.",2,,
74,Ashley W.,"Brooklyn, NY",80,73,126,4.0,7/12/2015,"$1 oysters All Day / Everyday! Let's go! The oysters were delicious and they usually always have an happy hour special. This place can get crowded really fast on the weekends. The service is terrible, but what should you expect from an Irish pub near Madison Square Gardens.",1,,
75,R C.,"Winnetka, IL",26,2,0,1.0,7/18/2017,"Had histamine toxicity from poorly kept tuna. Broke out in hives, terrible headache - ruined my day in NYC. Server never refilled drinks without my asking and the place was not crowded. Stick with the PIG.",,,
76,Travis H.,"Brooklyn, NY",110,20,155,2.0,7/1/2016,I give this place 2 stars because I have been here and had a good time but tonight was wack because of the bartender.,1,,
77,Christopher T.,"Cortlandt, NY",0,15,9,4.0,2/1/2016,"Unlike the Rockefeller Ctr (W 48th St) location, this Pig N' Whistle is a blast. I went here for the opening of the Rugby World Cup and the atmosphere was electric. The bartenders were friendly and knowledgeable. The food, which was included in the price of admission, was a selection of UK/Irish fare (i.e., meat pies, bangers, etc.) was fantastic. The decor here was awesome as well, with the open loft opening to a streetside balcony. I would definitely recommend.Note: A shout out to the owners who graciously agreed to donate the profits of the event to a local rugby charity.",,,
78,Valeriya B.,"Museum District, Houston, TX",83,31,4,5.0,6/17/2016,"Chicken entree (official name?) was seriously great. Watched the nba playoffs there, great atmosphere.",,1,
79,Claudette S.,"New York, NY",130,93,523,4.0,8/10/2015,Great place to stop in for a beer and chill with friends. Nice beer selection and friendly staff. Bartender recommended the calamari so I ordered it off of her recommendation. I wasn't impressed - would have rather had a burger. The calamari was very bland and a bit under cooked. Thank you God for salt and hot sauce! Since the main purpose of this pit stop was a beer I'll give this place 4 stars.,,,
80,Angie F.,"Manhattan, NY",0,34,1,5.0,5/24/2017,"Music was wonderful. The chef is amazing. Not sure who he is but his food was excellent. The buffalo wings were the best I've ever had (and that is saying a lot!) the garlic park fries disappeared as soon as the hit the table. My brother ordered the shrimp platter with rice (unsure of name) and there wasn't a piece of rice left on his plate. Drinks were okay, food was excellent.",,,
81,EJ S.,"Mount Vernon, NY",224,25,7,1.0,2/9/2017,"Bad experience from a service stand point to the non recovery .... Entered for lunch yesterday.. Server took our order and then we never saw her again.. Back server brought our drinks and our food,  has to ask for our condiments and to ask for our check. Nobody ever came back to check to see if we needed anything refilled or if we wanted desert or anything.. I went to the bar and asked them to find our server.. They were oblivious as to where she might be so the MOD or whoever she was brought us our check apologized but did nothing to ;make it up we were at this point in a hurry... She could of offered to take off our drinks which were tea or even 20% but did nothing.. I was shocked and not impressed... If you make a mistake take ownership and own it.. Make some sort of service recover for it or at least offer.. We go nothing.. Very very sad and poorly handled.. I work in Manhattan at a hotel and not far from this location and I will not be referring my guest to there.. Hopefully their other locations are better..",1,,
82,Devin D.,"Astoria, Queens, NY",44,94,12,2.0,4/12/2016,"My friends and I decided to stop here before heading into a concert at MSG. Stupidly rude waitresses/hostesses (We were told that the wait was 40 minutes, and we were seated three minutes later as we were ready to walk out.) The happy hour specials were fine, but the food is truly mediocre.There are more places around MSG that will fulfill your rowdy midtown vibe.",1,,
83,Kimberly T.,"New York, NY",53,385,10,3.0,3/6/2015,"Was only here for a few minutes keeping a friend company before jumping on a bus out of town, but a nice place. We were there pretty early on a Friday afternoon and I was pretty crowded already and we were seated at the other small bar upstairs. The usual beer and mixed drink options and a fairly fun crowd. Thankfully we left before the rowdy group that arrived got to be too overwhelming.",,,1
84,Brian G.,"Astoria, Queens, NY",155,390,30,4.0,4/13/2015,"Came here after enjoying a Drunk Shakespeare show for a few drinks. It wasn't too crowded around 10 on a Saturday night which is always a pleasant surprise. We were not surrounded by scores of people and fighting for the (legitimately Irish) bartender, always a plus. We were only able to secure one stool for our four-person party, but I usually don't mind standing when I'm not spending hours and hours somewhere.I tried the Pig N Whistle Ale, which was a good, flavorful ale.The whole place had a good vibe, and the music they were playing was good, and not super loud. We were still able to have a conversation without having to shout or do that awkward thing where it looks like you're telling a secret.All the drinks we ordered from the tap were $7, seems pretty much blanket for the taps. My brother ordered one bottled Ommegang that was $8. Overall not TOO bad for Manhattan/Midtown.There is a decent sized upstairs section that was closed the night we went, but it wasn't a necessity as it was just the right amount of full when we went.I'll remember Pig N Whistle for the future.",,,
85,Bethany J.,"Venice, FL",0,8,0,4.0,12/27/2016,We visited the city for xmas. Never been before. We saw the pig and whistle and tried it. I had fish and chips and my partner had chicken Parmesan. It was all very good. The atmosphere is relaxed. We would go back again. But then there are so many places to try. If we needed a place we know is good we would go.,1,,
86,Rena H.,"New York, NY",15,131,3,4.0,5/25/2016,"Perfect team outing bar, nice second floor view, and good for game night too. Crab cake sandwich is good.",,,
87,Ted Q.,"Sound Beach, NY",7,5,0,1.0,7/4/2016,"I had a Viewing party and had the upstairs reserved from 8pm-12am. They kicked my group out after 10:30 because they weren't making business downstairs. If you have a spot reserved and everyone is eating and drinking, they shouldn't kick us out. Never going here again.",,,
88,Bref M.,"Miami Beach, FL",1,3,0,5.0,6/24/2016,"Great spot, great staff, nice food and drinks - highly recommended! I was in NYC for business and brought a small group here. Cormac and his staff were absolutely brilliant. We enjoyed watching a soccer match, had a good platter and drinks. Will definitely come back and recommend to others.",,,
89,Chad M.,"ASTORIA, NY",1,18,1,1.0,8/19/2014,"Pig n' Whistle, my Applebee's away from Applebee's when in the hood. Food, service, drink selection, the whole gamut are, and have always been, mediocre. They even charge $2 to get a spirit ""on the rocks"" - ludicrous! Maybe if this was hand-chiseled ice or a cocktail bar, but it's not and this place is nowhere close to warranting that. Do yourself a favor and spend the same/slightly more for one of the premium drink/dining experiences in midtown/Hell's Kitchen.",1,2,
90,Wendy Z.,"Manhattan, NY",19,108,113,4.0,1/31/2015,"This review is for drinks only. I have not ate here before!I came here after work with my co-workers and I got a few drinks. They were good and strong, but boy was it noisy and crowded here!! There's also not a lot of seating so most people just stand and chat and the restroom lines are forever long haha. There's not much I can say really but it was very dimly lit, and I think it's a nice place to just talk and drink at.",,,
91,Nick B.,"Hasbrouck Heights, NJ",0,8,0,4.0,6/22/2016,"So much fun, the bartenders are always on with you and always fun. The place is a great place to stop in for some drinks and to hang out while waiting for your ride home",,,
92,Hooney H.,"FLUSHING, NY",297,191,232,3.0,7/2/2014,"Rolling Rock and PBR for $4 is scraping at the bottom of the barrel for happy hour specials but you'll get a free shot of some house whiskey depending on the day!A friend and I went to PnW to watch the NBA Draft since he works across the street, and I was a fan not because of the alcohol selection/specials, but because the food was quite decent for a bar.  He had the chili burger, which looked terrifyingly delicious and an order of buffalo wings while I opted for the Pig Burger and the fried shrimp.  The burgers were cooked AND plated very well, though the fries left a bit to be desired.  The buns were toasted, yet still soft, which went well with the mushrooms that were piled high on my burger.The wings were great! I mean, I will always prefer 25c/50c wing specials, but I will never say no to wings.  The typical buffalo sauce wasn't overpowering, and they went really well with the chipotle mayonnaise that came with the fried shrimp.  Speaking of the shrimp, that was the one disappointing dish.  I don't really remember why I ordered them, but I regretted my decision once the dish was brought to our table.  They weren't greasy or cooked poorly, but they just weren't worth the money. I know, frozen baby shrimp was a guarantee for a bar, so I brought that unto myself.  Do yourself a favor and pass on the shrimp.Service was great, and we were seated right away even though we got there at a very busy point of the day.  Waiters and busboys were a-plenty as are TVs including a giant overhead projector.Poor happy hour specials are the bane of my first world existence.  Seriously, Midtown Manhattan and you're serving up Rolling Rock and PBR. For $4 nonetheless.  Ignore those, and just opt for the usual suspects.All in all, I had a positive experience at PnW, and will probably return because of its proximity.",,1,1
93,Jillian L.,"West Islip, NY",4,28,14,4.0,12/28/2015,Really great Irish pub! Ate lunch there while in the city. Shepherds Pie & Turkey Burger were great!! All the burgers looked amazing. Great wait staff and even better atmosphere. Definitely recommend!!,,,
94,Kerstin O.,"Glen Allen, VA",0,5,0,5.0,4/10/2016,"Very happy with our service! We grabbed some food to go while waiting for our bus out of town. Emma was awesome!!! She hydrated us while we waited and made sure we had everything we needed in our to go bag, down to the ketchup and utensils. Very friendly. The mac and cheese with bacon and mushrooms is a must!!! Juevos Rancheros, was delicious!  But order a side of Mac and cheese with anything else you get. What a great way to end our visit to NY.",,,
95,Steve P.,"Rensselaer, NY",1,32,0,5.0,3/27/2016,"Great bar. We usually just stop in for drinks, maybe some wings, so I can't speak to the food menu but everything else is fantastic. The atmosphere is great, a great mix of people. I see people complaining about the drink prices. This IS Manhattan and you ARE in the tourist district. Either be prepared to pay a little more, or don't drink or find some pub off the beaten path that's not in midtown. I am not a soccer fan, but watching games here is a lot of fun. Even watching Rugby was a blast, seeing people getting into it so much.Emma, the upstairs bartender, is fantastic! Probably the reason we  keep coming back when we are in town. Treats us like we are regulars. even though we come in from out of town. To me, that is HUGE. Myself and some buddies usually do a trip from upstate at least once a month. We do our own pub crawl. We find new places and cross off places we don't like. Pig N Whistle is on our list of places to go back to every trip down..",,,
96,Claire M.,"Orange County, CA",22,57,109,3.0,9/3/2012,"Really good quality shepherd's pie, and the salad we shared (the one with apple slices and halved grapes) was fresh and delicious! We asked for bread and out came authentic rye bread, which we loved. Surprisingly since I usually don't like rye. The environment was pretty loud and crazy, tons of people standing around; it was around 10pm. I was surprised they were playing One Direction in there, but anything's better than Rhianna i guess. Another pub we went into later that week was playing Hilary Duff, maybe it's the new cool thing in NYC to play pre-pubescent pop songs. Like for irony sake? I don't know, haha. But again, they could be playing worse, sooooo....",,,
97,Sophia G.,"FOREST HILLS, NY",0,31,1,3.0,11/6/2015,"This is a fun place to go for lunch with fun coworkers and when you're really hungry and in the mood for some good 'cue. Food is reasonably priced, beers are on point, the bbq is ahhhh-mazing! Not the best I've tried, but pretty darn good. Their signature sauces are pretty good too and the sides are a great compliment to it all. Service is alright too. Definitely want to go back. I love the decor inside, super quirky and southern vibes all around!",,,
98,Christina T.,"Madera, CA",57,9,8,5.0,1/17/2016,"Great drinks, bartender was the best part. He recommended a great IPA and made my cocktail perfect. Went there multiple times on my trip.",,,
99,Mathew S.,"Brooklyn, NY",0,8,11,5.0,3/2/2016,"I love this place, they have nice live music every day and on Mondays you can sing yourself on karaoke and it's so much fun, actually karaoke singers here are really good, professional guys. Great drinks, i love their mozzarella balls and cheesecake, servers are very friendly and attentive, love cominng here.",,,
100,Nino V.,"Brooklyn, NY",1,9,0,5.0,6/28/2015,"Was on 34th and was hungry so I checked Google maps and saw this place. I wasn't sure from the outside but came in and was blown away. This place is absolutely amazing, perfectly blended drinks and great head on the beer. The food was great and the music in the background took the experience up another notch. Service was courteous, friendly, and quick to respond. I'm definitely coming back.",1,,
101,Gina Marie B.,"Plainview, NY",406,486,21,2.0,"12/17/2013
            





Updated review","Came back here with a friend after a show. Food was tasty but completely overpriced for the small portions they gave us. Same as the beer.... $7 for a bottle of beer-water....please.AND MOST OF ALL... our waitress. Listen, I am sure you had a rough day and I am sorry for that. But you were so rude to us for no reason and we almost walked out. I mean jeez, if you act like that how do you expect to get a tip? I would never not tip a waitress but i debated not giving the full 18%. Way to make us feel uncomfortable and almost like we were 'intruding' the bar.",1,,
102,Mark I.,"Stewartsville, NJ",27,6,3,5.0,11/18/2014,Had a great lunch: Carrot and ginger soup and chilly burger without bun. Everything was on time and excellent. Ate at bar which was enjoyable with lots of TV.  Bartender and servers were polite and fun to talk with.,,,
103,Brian M.,"Croton-on-Hudson, NY",6,10,1,5.0,10/9/2015,"Best place near MSG.  Great, friendly staff and reasonably price food.  It gets crowded, but only because they are worth it.",,,
104,Ab W.,"Hewlett, NY",2,160,6,3.0,9/8/2014,"I'm very tempted to go to 4 stars. But it's just a pub. However there are  several of these Irish pub style places within a block or two and PnW beats the others by a good margin. This chef knows what he's doing. Daily soup specials are alway homemade and delicious. Many ""appetizers"" satisfy me as a lunch main course after a cup of soup. Cornmeal crusted fried shrimp, chicken quesadilla, chili with chips are all great this way.Cobb salad, burgers, shepherds pie, chicken pot pie, are all excellent as well. I'm not really a lunchtime drinker, but a glass of wine is always reasonable and the selection of reds is pleasing. I could do without the frenzy during major sports events.Servers are generally competent and charming.",,,
105,Robert M.,"Red Bank, NJ",30,37,45,2.0,9/3/2013,"When I go into any place to eat, I usually look at the specials first. I figure that they will be somehow... Special. I ordered the roasted turkey sandwich here from the special menu and it really sort of sucked. In that way, it was truly special. I've never had a sandwhich that was so absolutely flavorless. I loaded it up with salt, pepper and mayo and then it tasted like a salt pepper and mayo sandwhich with  bacon and turkey textures. The only reason I gave it 2 stars instead of 1 is because my cream of mushroom soup was pretty good.",,1,
106,Daniel K.,"West Barnstable, MA",33,23,2,4.0,8/17/2015,Also came in for a drink after Drunk Shakespeare!! Sat upstairs and enjoyed the view. Sliders were good and waitress was great. She suggested the Pig n Whistle IPA which was awesome! We're coming back!,,,
107,Nandanie S.,"Quincy, MA",496,541,373,4.0,10/7/2013,"We were in NYC for a while before catching our bus back to Boston, and wondered where we could find a bar. Stumbled across this lovely establishment after wondering too long. Walked in, and got a Sam Adams Oktoberfest in a NY Jets glass - pretty oxymoronic if you ask me. Beer was good, and so was the service. I give 4 stars because I didn't get to try their food. If I happen to be in Midtown again, I just might pop in for a bite.",,,
108,Donaldo H.,"Silver Spring, MD",0,31,0,3.0,9/21/2015,"Love to stop in at this place--right by the Deluxe bus stop. I'd say 3 stars = 5 stars if just rated among pubs. Excellent service at the bar, great oysters, fabulous mussels, fine selection of IPAs. If I'm near the place, I'll always stop in. In fact, it may be a good reason for sticking with Deluxe bus.",,,
109,Geraldine H.,"San Francisco, CA",0,6,0,5.0,9/16/2016,Thanks to Emma and Robbie who made our night!! Excellent service! (Entertained me!!) after a hard day. Appetizers were delicious !great value be back soon when we in the city!!,,,
110,David B.,"New York, NY",0,21,0,5.0,3/25/2016,"Looks like a hole in the wall, but their food is amazing. (And their service is good and friendly too.) Have been coming almost daily. A great daily soup, and one of the best veggie burgers in the city.",,1,
111,Andreas H.,"Seattle, WA",1088,1138,47,2.0,4/1/2011,"What I thought was going to be a nice pub experience turned out to be more of a thumping bass club experience.  Ugh.  So many people, such expensive drinks ($7.50 for literally a half pint of Guinness?!?!? EFF OFF!!).  We were sitting at a small table upstairs, at around 6pm, and due to the loud music we couldn't hear each other talk.  The bass was cranked up so much you could see our drinks forming concentric rings within the glass.  Lame.   Above all?  They played 2 different Black Eyed Peas songs within the 45 minute window we were there.My chicken pot pie was very tasty, and the server was very sweet, but both of those things combined will not be able to draw me back to this ""pub"".Seriously, I was very disappointed.",1,,
112,John B.,"Aghafin, Republic of Ireland",157,2,0,5.0,10/6/2015,"Great bar. hostess, servers and bartenders all very mannerly! The friendly atmosphere has made this place my new local...  Robbie is the man!",,,
113,Tiffany S.,"Manhattan, NY",217,169,362,3.0,10/10/2012,"Pretty standard midtown bar. I used to work around the area so I know there's not too many around to choose from here.They always have different food and drink specials listed. They had these awesomeee garlicy wings once.It's pretty spacious but at times during HH it can get jammed packed, especially upstairs and it kind of makes it hard to move around/get a drink.They do have a decent amount of TV's though..Meh, not really much else to say..",1,,1
114,Howie E.,"Peekskill, NY",11,46,1,3.0,3/27/2015,"Good Guinness pours, pretty good pub food.  Stop here before a Ranger game and they'll give you a free shot.",,,
115,Maritza K.,"Jersey City, NJ",38,36,5,3.0,4/18/2015,"Saturday service not that great, bar makes you wait, waitresses don't turn around to acknowledge or assist with seating. Just disappointed.",,,
116,Kathryn W.,"Long Island, NY",428,267,102,2.0,12/4/2012,"I went here today for lunch after I had quite a stressful morning/afternoon at work, and I can really just say...meh. It wasn't awful, but it wasn't good either. I got the pulled pork sandwich, and I have to say I was really disappointed. My neighborhood joint makes one that blows this one out of the water (Bobbique's), so maybe I'm being a little unfair, but I really felt let down. The fries were good, but the cole slaw was of an EXTREMELY liquid consistency; another let down. They didn't have a big selection on tap either, which I found odd for a pub. The service was polite and prompt, so kudos for that I guess. I would give this place another shot if I was in the area and REALLYYYYYY hungry. Other than that though, I'll pass.",,,
117,Jason J.,"Hempstead, NY",264,7,1,4.0,3/4/2015,"Love this place, close to the job, bartenders are great, food is exceptional. Come here a lot with co-workers.  Great happy hour.",,,
118,Edgar S.,"Bronx, NY",102,556,145,3.0,4/14/2012,"Pig N Whistle is your typcial pub. Lot of TVs, lots of drinking and lots of drunks. Going for happy hour, I wasn't expecting much. The place is decent size and it was packed. I hung with my entourage comfortably by the bar. Pricing is decent. The bartenders are supppper fast and don't keep you waiting. Right around the time happy hour was ending, the bar was empty. that can be either good or bad, depending on your taste. Would I be back? ehhh, possibly.",1,,
119,Amir H.,"Ankara, Turkey",0,1,0,4.0,4/4/2015,It's a good pub very close to port authority and the music is great. I really loved their music and people were dancing all night. It's a nice place to drink and enjoy dancing.,,,
120,Yuli M.,"New York, NY",368,8,43,1.0,10/23/2014,Worse bar Ive ever been too.  Server was rude and told us they were out of drinks. Wtf,,,
121,Jason H.,"Jersey City, NJ",84,85,18,2.0,6/12/2012,"Went here with a large group of co-workers (about 10) and everything about the event was flat out bad.  I would never have picked this place to come here to eat but it happened.I've been here before for happy hour and I would recommend everyone stick with the drinks at the bar and steer very clear of the food and waitress service at a table.We sat upstairs in the corner.  There were several appetizers ordered to share including calamari, wings, artichoke dip and the crab dip.  The only serviceable app were the wings, the rest weren't very good.  The calamari was barely fried and the dips were obviously frozen and just heated to order.  The entrees weren't much better.  I ordered the meatloaf, how can you mess up meatloaf??  Well they did, it was pre-made and kept under a heat lamp all day.  The mashed potatoes were from a box and had no flavor and the brown gravy was from a can.  The best part of the meal was the steamed broccoli it came with!  I didn't see a clean plate leave our table which is never a good indicator when it comes to satisfaction of a meal.The other awful part of the meal was the service.  Our server had no idea what the hell was going on.  She made sure she numbered everyones place in her pad to make sure to get the ordered right but when the food was delivered not a single person received what they ordered.  We were at our table for 4 hours drinking, everyone ordered the same drinks all night and she never remembered who ordered what alllll night.  I find that unfathomable.The Pig N Whistle is a fine place to come for HH but just stay away from the food!",,,
122,Marcus D.,"Boston, MA",40,669,0,3.0,5/20/2012,"One of many locations in the city sporting the name, just like anything with ""Blarney"" in the title.  We came here for the Rangers game yesterday - for the footer fans there were plenty of tvs dedicated to soccer so we weren't impeding on anyone.  They had some Heineken specials - free beers, why not? I drank mostly Guinness - prices are typical of this part of the world, don't expect cheap drinks in Midtown.  We didn't eat here.",,,
123,Lissette V.,"Miami, FL",65,140,26,3.0,5/30/2014,"My friend and I shared wings, fries & the bacon mac and cheese. The food was great & the music in the background was good too. The servers should be friendlier. Typical New Yorker attitude.",,,
124,Amanda G.,"Yonkers, NY",962,883,4893,4.0,12/29/2011,"We went here the other night for my cousin's bday celebration and I dig it, immensely.  The live band upstairs was nice.  They played all kinds of music and they a bit interactive.  They have decent draft prices.  Al in all, it was a good night  :0)",,,
125,Dave H.,"Portland, OR",5,19,220,2.0,9/19/2013,"Nice setup, layout, plenty of TV's, great selection of beers - BUT - if you don't pour a true full size pint of Guinness, then you automatically fall to bottom of Irish pub list. You're in NYC, and you can't get a true pint at the Pig and Whistle?! Unforgivable, period.",,1,
126,Shar S.,"Washington, DC",1,7,0,4.0,11/2/2015,Great deal on oysters! I came here one Sunday and it was empty and then month laster at the same time it was bustling. Great put stop while you wait on the Washington deluxe bus.,,,
127,Kenny C.,"Brooklyn, NY",847,3150,11002,3.0,9/17/2011,"Upstairs is the place to be if there's no private party. In the summer you can stand on the balcony and do some people watching. But if there is a party upstairs, the first floor can get crowded and annoying. Drink prices aren't great, and the bar food is bar food (quesadillas, sliders, fries, wings, ribs, etc.). Not great, but it's (passable as) sustenance.",,,
128,Ildar S.,"East Harlem, Manhattan, NY",13,6,0,2.0,8/2/2015,"Beer is too pricey, food is mediocre, tip for some reason was added to the check. Not coming again.",,,
129,William H.,"Brewster, MA",23,29,0,4.0,2/10/2014,"I always stop in this place when in NY for more than a day or 2.  It s typical bar style food, never really been blown away.  However I do love the service, especially on the 2nd floor. I have not tried many of the entrees.  I almost always go for just drinks and maybe an app so that is what  I am basing my review on.  4 stars for the service and good drinks!!",,,
130,Jeffrey S.,"Manchester Township, NJ",21,689,12,4.0,10/17/2013,In NYC for the day and one of our buddies suggested this place.  Great bar and great food.  There were plenty of beer choices.  We decided to get a bite to eat as well.  Two of us had burgers and they were delicious.  The third got a corned beef sandwich and said it was good as well.,,,
131,Neil M.,"Silver Spring, MD",31,7,1,2.0,2/3/2014,"Granted, we were there as the Superbowl started, but even so, it was excessively loud. Even when the crowd was quiet, the level of the TVs was overwhelming. The service was adequate. I got the Gaelic steak. The seasonings were fine, and it was cooked okay, bit it was a really poor cut of meat. Definitely not worth the price",,,
132,Jean B.,"Financial District, Manhattan, NY",130,70,166,2.0,8/2/2011,"I met up with a friend to catch up over dinner on a recommendation from her co-workers.  We decided to sit inside where it was LOUD with spam pop and just a tad too dim.  Our server was friendly but didn't know what the salad on the specials menu was, and served us the regular house.  The veggie burger that I ordered came with a fresh side of greens and an orangey wasabi sauce that added a kick to what might have been a through and through vanilla entree.  The patty itself was large and not Boca but crumbled apart with the first bite.  Granted, veggie burgers are rarely known for staying together well but for $11, I expected more than what I get in my neighborhood back in queens for half the price.  That said, this is probably a pub where people probably go for happy hour and wings and maybe some sports TV.  The old signage out front and the dated decor inside both attest to sleepily serving up a space for co-workers' birthdays or departures or quick solo dinners before heading back to the office.",,,
133,spencer s.,"Brooklyn, NY",1,25,0,4.0,1/4/2011,"The Pig N Whistle is a great place to go when you are heading into the city for a short night out with some good friends. It's close to Penn Station which makes it easy to find and I enjoy the selections. One of my favorites is their French onion soup, though I usually go there for drinks. PnW has a great atmosphere and isn't too loud, so it makes for a nice place to sit down and have a drink with friends.",1,,
134,Thomas L.,"Brookline, MA",13,162,0,3.0,7/31/2011,"Stopped by for a drink on our trek to Little Italy. The Heineken Light (bottle) was somewhat skunky.The wife had a Stella draft and said it was very good.The food that was passing us by looked awesome. The wings smelled phenomenal and I wish we had thought to order an app here as well.Bathroom was very clean.Staff was pleasant and attentive, and there was definitely a fun atmosphere here. Would enjoy coming back to watch a game on one of the many TVs.",,,
135,Jasmin K.,"ELMHURST, NY",10,57,8,4.0,11/24/2013,"My friend wanted to go here. I never heard of it. We ordered sliders with fries and ribs with fries. We had some drinks. They come out with your order fast. So I liked that a lot. The ribs were good. The meat fell off the bone. The sliders were greasy in a good way. And I wanted fries all week but didn't bother until now. The drinks were on point. The decor is an Irish pub, nothing fancy but I loved the fast service.",,,
136,Shannon M.,"Aurora, CO",7,73,2,4.0,9/6/2011,"Great music variety. Many large screen tv's. Awesome bartenders, they know how to pour a cocktail properly and they are very knowledgable about shots. Top of the line walking distance to time square. We sat upstairs in a corner table to see a street view.On a side note I did not eat here just had drinks and a night out. This place is not quite was very busy when we were there but service was fast paced and freindly. Would definatley go back next time I am in the area.",,,
137,Kelsey T.,"New York, NY",390,440,62,3.0,8/29/2010,"I work across the street of Pig and Whistle, so this is our default after-work hangout. It's pretty much what you expect from an Irish pub in terms of decor and menu. Food is good, but not spectacular and portion sizes are pretty generous. Drinks are good, not watery, but nothing you can't find anywhere else. My preferred hangout spot is the upstairs bar, near the balcony. There's usually someone smoking out on the balcony, so if this bothers you, it might not be the best place to hang out. There are lots of TVs here, which are great if you're trying to keep tabs on whatever game is on at the moment. Overall, this is your typical Irish pub and a solid place to hang out, but if you're looking for something special, go elsewhere.",1,1,2
138,Suzanne V.,"Brooklyn, NY",0,2,0,4.0,3/18/2014,"Great place to grab a drink after work, park yourself on a bar stool and enjoy.  On occasion, it can get loud, but not a bad loud.  The waiters are cool, but definitely fast paced, have seen tourist practically cry to get a drink, lol.",,,
139,Dennis M.,"Jersey City, NJ",262,239,93,2.0,3/14/2010,"I stopped by this place after work since it's nearby. The venue opened a few weeks ago. It's a third Pig 'N Whistle establishment in NYC. The place is 2 floors and small. The drinks were good; I had a Johnnie Walker Black on the rocks and an Irish Car Bomb. The ambiance is okay as you can step outside on the balcony to get a fresh air or smoke. In other words, it's a typical Irish Pub. The 2nd floor is so small. The staff is kind and friendly. There's no bouncer as I entered so I have no problem entering.It can get crowded after work hours. Also, some people (other customers) at the bar seem to be so full of themselves as I almost had a fight with a certain group of people while trying to exit the bar because they wouldn't move after a couple of times I kindly said 'excuse me.'I'd go only for a quick drink and appetizer since it's near on my way home. zthis is not a place to get socially with different people. Other Pig 'N Whistle locations in NYC is more spacious.",3,,
140,Max L.,"New York, NY",15,54,0,4.0,12/20/2010,"On a recent weekend my family came up to spend a weekend in the city.  We had just gotten out of Macy's and we weren't even that hungry, more looking for beer.We did however split a calimari, which was fine - standard frozen bag calamari with marinara sauce - and a bowl of butternut squash soup that undoubtedly came to the restaurant pre-made, but was still tasty and had a nice ginger-y kick.Anyways I'm dropping the 4 stars on this place for beer specials only.  The night I was there (and for all I know every night)  all of their 750ml bottles were on special for $9.  I jumped on it and got a Rogue Imperial Pilsner (Morimoto), which I'd never had before and which rocked my socks off.  Really killer flavor and mouthfeel from the boys in Oregon who make the wild brews.  And Pig n Whistle put that beer in my hand for less than it would cost at a corner store, and for that they get 4 stars, no questions asked.",,,
141,Takako T.,"New York, NY",69,268,180,4.0,12/13/2010,"Actually this place is much better than it looks from outside. The entire bar is pretty large with small/quieter second floor, and has a nice high ceiling with walls filled with lots of bottles. I don't know if it's due to a seasonal reason ( I came here early December Friday), but it was REALLY packed and I had hard time to find a space to comfortably drink my beer. As for bartenders here, they are really nice and attentive. Even though the bar counter was extremely packed, they were working hard to pick the orders from guests screaming around, and I never waited so long to order my drinks. And one of the bartenders remembered my name for my tub, and I could easily order my drinks each time(my name is totally Asian and sometimes difficult to remember for some people though). Will I come back here? Yes I will, for sure...!",,,
142,Mai E.,"New York, NY",28,42,2,3.0,3/18/2013,Solid Irish bar near Penn station.,,,
143,David M.,"New York, NY",552,25,6,4.0,3/17/2013,Great place to grab drinks after work. Cheap prices and a large selection. Only down side is that can't always get a table.,,,
144,Adam A.,"Manhattan, NY",42,64,8,3.0,10/9/2010,"The Pig n Whistle ale is good and complemented my fish chips, which were expertly prepared.  The fries were surprisingly better prepared than expected.The calamari and wings are also tasty.  Avoid the moules frites.",,,
145,Dawn S.,"Long Island, NY",65,251,18,3.0,8/24/2012,Ice cold beer. Lots of TVs with sports.   An A-OK time.,,,
146,Salena M.,"Chatham, NJ",45,385,0,3.0,6/23/2010,"came here for lunch and perhaps watch the World Cup but no games were playing at the time I went.  Nevertheless, we went in for bar food although I can't say what I ordered is bar food - had the crabcake appetizer for lunch.---delicate compared to a hearty burger.  Should have ordered some ""pig"" , hence the name of their venue.The atmosphere is lively with lots of international flare decor, tvs and lots of people eating burgers, ribs, fries and beer.  Confirming it's a bar alright!",,,
147,Sun P.,"Hell's Kitchen, Manhattan, NY",0,2,0,1.0,6/16/2014,"The worst Steakhouse salad ever.. Lots of lettuce with very small amount of cherry tomatoes, bacons.",,,
148,Leslie D.,"Juneau, AK",20,43,50,4.0,3/28/2012,"What a delightful little find. Very clean, great service. Everyone attentive to detail and satisfying food!",,,
149,Megan C.,"Astoria, NY",236,265,45,3.0,6/29/2011,Yummy wings and a good pour of Guinness. Karaoke on Monday night! You might get lucky and have some unassuming old man rock the bar's socks off with a phenomenal rendition of Luck Be A Lady. :),,,1
150,Ron Z.,"Matthews, NC",0,2,0,4.0,9/13/2014,Good food and service - prices are decent and kid friendly. You can never go wrong with an Irish pub!,,,
151,John M.,"Beloit, WI",4,26,1,3.0,10/18/2010,"As far as pubs go (I'm not a fan - any pub I rate with more than 2 stars is unique), this one is pretty good. Got a couple appetizers and drinks - food was what you expect but done well enough, drinks were standard.",1,,1
152,Mark I.,"Brooklyn, NY",7,4,0,4.0,1/24/2014,"Friendly service, good food, large assortment of beers and ales. Portions were on the small side but sufficient. Our waitress was friendly and accommodating. We ate upstairs on the 2nd floor.",,,
153,Yeraldin L.,"Bronx, NY",5,85,250,3.0,5/8/2011,Friendly service and great drinks. Their bartenders are really nice and if you're a girl the men are actually gentlemen. There are bathrooms and its spacious.,,,
154,Kim M.,"Ossining, NY",0,13,0,4.0,1/31/2014,"I have to say, I'm very surprised by the three star average rating at this place...maybe people had ridiculously high expectations. It's a great little place to grab a beer and a burger before an event at msg. The beer selection wasn't all that great, but we had great wings, a great burger, great shepherds pie, great service and two beers each for $77. All delivered in a super timely manner...I don't know what more you could want. There are very few options in this area for a decent bite to eat before or after an event at the garden...go to the pig n whistle",,,
155,John B.,"Manhattan, NY",145,4,0,4.0,4/23/2013,Not sure why they don't have any happy hour deals but a good after work / pre MSG spot. The chicken jameson is highly recommended.,,,
156,Dan L.,"Massapequa Park, NY",0,14,6,4.0,3/31/2013,"Have been to this bar 2x now and have been pleased both times.  I have been to the one on 47th as well and like this one on 36th better.  Fairly priced, good food, fast service and right near Penn Station.  Good for happy hour, before a sports game, to watch a sports game or even for a date.  Good food, good beer, staff isn't annoying or too talkative.  Highly recommend UPDATE:  have since been to a third one on 2nd avenue and was just as pleased with my first two visits.  This one was for a private party and it was a blasts.  HIGHLY RECOMMEND THIS BAR FOR ANY KIND OF OCCASSION.",,,
157,Mark M.,"Lynbrook, NY",127,124,21,4.0,6/12/2010,"Great staff, really well managed, a terrific place to go to before or after games or concerts in Madison Square Garden, or for a Happy Hour. I'd love to visit at quieter times, too, if there are any, as I think it is likely a very good restaurant for lunch and brunch, based on what I've seen of how they run the place.",,,
158,elyse h.,"Staten Island, NY",17,3,5,4.0,7/12/2010,good drink specials and the food is so good. ;) two levels and lots of space and tvs.,,,
159,Matthew F.,"Long Beach, NY",3,8,0,1.0,1/6/2012,I understand food is more expensive in NYC but..I went for lunch with my family and it cost $100 and walked out hungry....the sheperds pie was potato over gravy NBO meat!! eww....better off with chain food,,,
160,M K.,"Santa Monica, CA",1,64,1,5.0,7/10/2010,"If I ever go back to NYC, I have to go here! I During my 5 day stay there, I went to this pub 4 times. Granted, it was during FIFA world cup season, but regardless, this place absolutely rocked. I didn't get much food there, but try pesto vegetable pasta! It was absolutely delicious. And of course, the french fries! The have a great selection of beers too. Love the Pig N whistle Ale! Perfect for a nice lunch/dinner/just drinks. Even though it gets busy, it doesn't feel crowded. I think it's perfect to just shut out the craziness in NYC!",,,
