,er_name,er_location,er_freinds,er_reviews,er_photos,er_rating,er_date,er_text,er_useful,er_funny,er_cool
0,Lily C.,"Islip, NY",24,400,246,5.0,9/11/2018,"Attended the Legends Ball here on Saturday and I have to say the food was very good. My steak was delicious and perfectly cooked. My sister's meat was overdone and she should have said something. Mine was a perfect medium rare and you didn't need a steak knife. The burrata cheese appetizer was delicious too. The dessert was excellent as well. Service was very good and the venue is beautiful. All around great experience. I'm sure it was pretty pricey but since I didn't pay for it, I'm giving Cipriani's five stars.",,,
1,Wu K.,"Los Angeles, CA",185,55,32,2.0,10/13/2018,"Food. Underwhelming, sinewy, overcooked.Service.Spot on. Will not be returning. I'd rather walk up to 39th street Cafe Shanghai.To clarify. The service was top notch. But given the price point and overcooked and shitty food I could not make myself leave 20%I may return for drinks but never again for the food. It was such a utter disappointment save even the price point that it didn't deserve half the 130 tab.",,,
2,Ayesha T.,"Malvern, PA",70,86,113,2.0,"11/13/2018
            





Updated review",I loved this hall so much until it got to my food . The steak or chunk of meat was inedible and the staff looked like they were unable to handle the crowd. It just lost its charm after that.,,,
3,Maria-Elena T.,"Arlington, VA",319,955,2736,5.0,4/26/2018,"Been coming here for years and had to revisit on this trip. Great place for movers and shakers and all the beautiful people. My friend made a reservation for our late lunch and the place was packed. Business men in suits, well dressed ladies, etc. I had my usual the white pasta with ham and then the branzino. He pasta is delicious and the fish served tableside. My friend had the veal chop which was Fred Flinstone size. We finished with the layer cake. The martinis are one of the best reasons to come here. There are served in large shot type glasses. The dirty comes with three mini olives. Two martinis are enough!!Love this place.",1,,1
4,Melaina J.,"Tallahassee, FL",611,53,135,4.0,4/7/2018,Finally got to go to this place after hearing tons about it and it was fun pretty good! The service is top notch and then bread basket they give you in the beginning is so good there's all different types served with butter. I had to order their famous Bellini which was delicious I got like 4 haha. Don't think they were too strong though. I got the pesto pasta which was pretty good nothing too special though. The calamari was perfectly cooked and crispy- definitely try it out! Overall good experience.,,,1
5,J. Karim A.,"New York, NY",59,742,334,3.0,6/15/2018,Came here for a legal momentum luncheon. It's a beautiful large space with towering ceilings. The food was average but not bad.,,,
6,Lori B.,"Manhattan, NY",27,106,599,5.0,6/14/2018,"I have been here as a guest for several corporate events. The place is immense (for NYC standards). If you are planning an event here, you will  need a good lighting company to highlight the stunning arches on the walls. This food at Cipriani is consistently very good and the wait staff is always attentive.",,,
7,John G.,"Chicago, IL",295,318,69,4.0,10/2/2017,"I was at a wonderful wedding they catered at their event space near Grand Central Terminal. While walking around I discovered their restaurant in the Terminal, but didn't have time to eat there. This trip I did, and the food was terrific. My son and I stopped after touristing all day and even though we looked like bums they treated us like kings!We started with the beef tartar which was outstanding. It melted in our mouths!My son had the tagliolini with pomodoro. The sauce was perfectly balanced. I had the tagliatelle wth lamb ragu , off of the bar menu. My son finished with a lemon tart which was lite and delicious. You can't beat sitting on the balcony of the Terminal watching the world buzz by.",,,
8,Shelley L.,"New York, NY",95,448,1169,2.0,6/13/2017,"Gorgeous venue but disappointing food. Came here for a work luncheon and was excited to try the food. Given the well-known restaurant name that exudes elegance and flair, it was very disappointing to taste mediocre food. The hor deurves were ehhh. Pigs in a blanket (could easily be Costco and heated up. Love costco by the way!). Lobster bites were weird. It was warm lobster stuffed into a small, hard and stale tortilla chip. Crab bites were wrapped with cucumber - this was okay but had a slight funny taste to it. On to the main lunch portion. Salad was good. Probably the dish of the three course meal. The entree was a split pea risotto. It tasted more like uncooked rice with three peas. Fish came on top of it. Super salty skin. Fish itself was decent. Onto dessert - really not sure what it was. All I know is that it had loads of cream everywhere and burnt sugar crystals sprinkled on top and on the side. It is like a meringue with soggy cake. The fruit that accompanied the cake was good at least.",4,3,2
9,Leah D.,"Newark, NJ",267,189,183,5.0,11/22/2016,"Wowwww! Cipriani is an architecturally stunning, Italian Renaissance inspired venue!!!! The space itself took my breath away. This is THE PLACE for any large event. Upon entering for an award dinner, there were countless staff lined up to collect coats. As I moseyed my way to the bar area, there was an endless supply of hors d'oeuvres. Fortunately, there was no need to chase trays. With lots of bartenders ready to assist, guests were able to get drinks at lightning speed. Let me fast forward to the meal.By the time we sat, salad and bread was already on each of the several hundred plates at the event. The speedy service continued with one server placing risotto directly onto our plates followed by another server topping that with the most massive and beautiful piece of sea bass that I've ever seen in my entire life. The best part was that the food didn't just look nice, but it tasted fantastic. I watched the entire table, including my husband who doesn't ever eat fish, devour their plates. Somehow, we all had room for dessert which was a chocolate shell filled with vanilla, coffee, and chocolate sorbet topped with berries. I'm pretty confident that every single guest in the room was extremely pleased with the meal and service. If you choose to book an event here after reading this review, don't forget to give thanks where thanks is due. Invite me!",6,2,4
10,David F.,"Jersey City, NJ",570,206,9,1.0,2/16/2018,"Moderators took down my original post calling these greedy pigs out for hosting a thousand dollar a plate fundraiser for our Commander in Thief.  NEVER EAT HERE.  Unless you support White Supremacy, of course. In that case, bon appetit!",6,,
11,Aysha S.,"New York, NY",474,66,16,3.0,1/24/2017,"This review is about my NYE experience. Friends and I purchased a regular ticket, if I recall correctly it was $150. We did not do the flash pass, no table or anything. I feel like we didn't wait too long, my friends said we did but maybe I pregamed a bit too hard. This place was ok. It was my first real NYC NYE experience and it was no doubt a beautiful venue, a nice occasion to be dressed up. The wait time for drinks was FOREVER and I didn't have any food. I also recall the menu showing that almost everything had pork in it (which I don't eat) so I was restricted anyway. One suggestion Cipriani - try to make the appetizers a bit more diverse! Music was okay, but they did pass out champagne for midnight which was nice!Fell a few times, the floor was slippery. A friend's friend fell and cut his hand on a beer bottle and had to go to the hospital for stitches. I wasn't present for the incident but it plays into the narrative that the floor was slippery and the staff couldn't really keep up with the incidents. Bathroom was clean and BEAUTIFUL might I add. Random thing I remember from that night. I feel like venues like Cipriani really do try offer a positive NYE experience, so I'm giving them three stars cause I feel for them - and the staff. Don't forget to tip them. They are working hard to make YOUR night the best it can be.",3,4,1
12,Dawn M.,"Schenectady, NY",183,26,16,1.0,12/3/2017,"Have been here many times, the food is usual the space is fantastic. However, in light of the fact that they would agree to host a luncheon for DJT given his immigration policies we will never be back.",9,1,
13,Rob S.,"New York, NY",96,1,0,2.0,11/19/2017,"I really enjoyed the food, and the atmosphere! What I didn't enjoy was getting caught cheating on my wife. Put a bit of a dampener on the meal",1,12,
14,Jennifer L.,"Sherman, CT",0,1,0,1.0,9/9/2018,"I am beyond disgusted by this restaurant.  Friends met here for brunch after a night in the city, heading out for our trains.  The prices are not unexpected but very high.  We spent. $300 on brunch for a small party.  Every time anyone wanted to use the restroom, we were informed that the closest restroom which is in the adjacent restaurant is not open to Cipriani customers.  Then, when we were finished, and paid our large bill, we decided to go to the adjacent restaurant for a drink.  It is literally through the doors of Cipriani and it is pouring outside.  The manager refused to let us walk through the doors of Cipriani to go to the restaurant next door.  He insisted we would have to leave the restaurant, go outside and enter the doors of the other restaurant from the street.  After spending $300 in a restaurant, whose service otherwise was excellent, the manager's treatment was rude and unacceptable.  I hope the restaurant sees fit to terminate him because I frequent this restaurant often, and won't do so again given this.",1,,
15,Angela M.,"Mansfield, CT",165,271,130,5.0,9/7/2016,"Went when we were waiting for a train. Sat quickly and decided to do appetizers for dinner to share. Had the calamari and prosciutto with mozzarella. Both were fantastic and more than enough for both of us to be full. Calamari was just rings (I don't like the tentacles) and had great sauce (one almost buttermilk based ranch flavored tartar sauce and the other was an excellent marinara). The prosciutto was also delicious with sliced mozzarella underneath. Although pricy, definitely delicious! Both dishes were about $27 a piece. But the staff was attentive and friendly and given the location and amount of food and how happy we were, I'd go back again.",2,,
16,Russell W.,"New York, NY",37,143,0,4.0,2/9/2016,"I love Cipriani. This is the real deal. The view of the clock, the nice selection, the sound of the train announcements in the background.As nice as the made the Campbell Apartment which is right there, they will never match the old world charm that Cipriani seems to do effortlessly.You can't fake this kind of stuff -- not to the locals.",3,,2
17,Christina L.,"New York, NY",92,59,178,1.0,12/31/2015,The staff did completely a horrible job on managing the event. VIP line was filled with people who bought general admission tickets. They only announced that the line was specifically for VIP once people got closer to the door and guided them to stand on the other long line. No one was smart enough to communicate in advance where to line up. This was non sense. DO NOT buy a VIP ticket if you want to get in faster and not shiver in the cold because they will not treat you like VIPs.,3,,
18,Hank C.,"Jersey City, NJ",1701,2743,655,3.0,11/6/2015,"Two parts to this review...  was here for a gala, and the building itself is across from Grand Central. Large entry, with a coat check to the left and a side bar area that was filled with three different long bars, more than enough to handle the 500+ people that came that night along with the bars on the other side.  Large space that reminded me of a mini Grand Central (being a former bank) with the design and arched ceiling. Bathrooms off to the corners.Second, the food. Appetizers passed included salmon, tuna tartar, and pigs in a blanket - all good. A mozzarella & prosciutto salad with pear that was good, a Filet Mignon steak that was entirely too dry, and sea bass that was a massive cut that was bigger and thicker than the steak medallion - not bad and better spiced, in my opinion. The potatoes stuffed with veggies were ok. Potato au gratin was only so-so, too. The dessert - a lemon meringue that was only ok. Drinks were strong and the service was pleasant. I suppose it's tough to cook the same thing for 500+ people at once, but I've had better at large events.Overall, an interesting event space. Just watch out for the echo when you're on a microphone inside.",3,,
19,Lerdie B.,"México, D.F., Mexico",6,6,1,1.0,5/19/2017,Over priced and overrated. Ordered the Cipriani club sandwich and it was literally warm pulled chicken with Mayo at $27 dollars!,2,,
20,Emily H.,"Bronx, NY",188,12,13,4.0,8/5/2016,I went during restaurant week for lunch with friends. We went around 1:30 and it wasn't packed at all. My best description of the food is that it was tender. Everything was great. I expected it to be a bit more fancy but it was very nice. We had a great view of the main walkway. Occasionally there was a loud train announcement but it was pretty pleasant.,1,,
21,Stephanie G.,"New Haven, CT",316,70,4,3.0,6/6/2017,"I've been to the Cipriano Downtown and have to say that it is way better. This location is inside of Grand Central and doesn't have the same feel. The chef at the one downtown always lets me specialize the type of grilled chicken salad I like, but here my waiter told me the chef could not. The service here isn't as good and the staff isn't as friendly. Overall though, my food that I ordered still came out good.",,,
22,Marcus C.,"Fresh Meadows, NY",813,579,1252,5.0,5/19/2013,"I was here for a beautiful wedding. And I ate. A lot.Food: the cocktail hour was so good that I had a bit of everything and nothing seemed unimpressive. From Shrimp Cocktail to pasta to pork and beef, everything was just perfect. I ordered steak for dinner, which was cooked the way I like. The lobster appetizer and scrumptious dessert makes me drool just thinking about it (see photographs I've uploaded).Service: everyone here is trained so well and is extremely attentive. Our table was served quality drinks and there always seemed to be wait staff on standby to take care of us. Decor: Stunningly beautiful. Everything is tastefully done. Nobody's rushing anyone anywhere.",3,,2
23,Beatriz P.,"Alexandria, VA",6,3,0,1.0,1/1/2016,"Came for the NYE party 2015. The venue was great, the food amazing and staff very helpful, friendly and polite. But the number of bathroom was ridiculous, who thought that four toilets would be enough should be fired!! The worst part was the DJ. Awful line up, didn't know how to engage the crowd, was cutting all the songs and changing without any sense. Didn't stop talking, he was trying to show off himself more than his work. He was also really rude. I enjoy the party because of the food and venue  and friends but the music was a big no no!!!",3,3,1
24,Maritza T.,"Maricopa, AZ",6,14,11,3.0,6/30/2016,"Perfect pasta! Love the place. I ordered the tagliteri and it was perfectly done. The squid rissoto is also good. The only problem: service. 2 issues in 1 night:1. Appetizers were ordered, never arrived but it showed up in the bill2. The waitress were fighting in spanish, a whole spnish soup drama was going on, since we spoke spanish we understood all the words.. guys take it to the kitchen.. Becauae of the bad service I gave it 3 stara but the food was good.",,,
25,Kazuya O.,"New York, NY",126,4,0,4.0,12/12/2016,"Pappardelle here was awesome but the space in the restaurant was kinda small, so I rated 4 out of 5.",1,,1
26,Shu Jin S.,"New York, NY",129,880,5,4.0,9/21/2014,"I recently attended an award show dinner at this location, and won't lie, I was pretty excited about the food (and the award too, obviously!).First off, they really, really packed us in. I felt as if I was sitting on top of everyone. How they fit all those people on those tiny tables is beyond me. The food? Phenomenal. I especially loved the steak. It was a filet and quite a large serving of it. Thankfully, it was not overcooked, but medium rare (how I prefer steaks).There was also a dessert that was equally stellar, a fruit cobbler cake of sorts. Yum.Now I'll have to come back and dine there regularly.",3,,
27,S G.,"Marina Del Rey, CA",92,124,67,5.0,"1/3/2016
            





Updated review","We came here for nye party! It was awesome!!! Susan, our waitress, was great! She was the light of the night!!! She made sure that we are taken care of! Despite, having a very busy night, with many drunk people, to wait-on, Susan was full of positive energy!  She really was amazing! The food was okay! There were little appetizers and little deserts. Considering what we paid for the event, we could have had better selections of food and drinks.  Restroom had a huge line, but Cipriani found another solution, as the super luxurious port-a-potties.",,,2
28,Krista J.,"Brooklyn, NY",732,1177,35,5.0,8/8/2014,"Cipriani is a true class act, and I expected nothing less. I attended a business luncheon function this past week and was just so impressed by the overall experience. The enormous space is pristine and beautiful! The moment you walk in, you feel like you have arrived somewhere special. The service was of the highest quality, from the bartenders to the waiters to the management. And the food...amazing! We dined on the freshest mozzarella and tomatoes, Chilean sea bass, and sorbet with fruit in a chocolate bowl. Everything was perfect!",2,,
29,Alexandra C.,"New York, NY",858,1985,61,5.0,11/15/2014,"Gorgeous, high cathedral like ceilings in an old bank. Here for an event, didn't have to pay..maybe that factors in for the 5 stars..Definitely would recommend this place for an event.Great cocktail hour with excellent service.App. of burrato with tomatoes was out of this world.Waiters walked around with giant trays of filet mignon to place on each plate.. Amazingly fast service at a large event.   Quality of the filet was pretty average, the sauce was delicious.  (should have gone with other option- chilean sea bass, which looked amazing). Chocolate covered strawberries and other treats for dessert were all very good.Great time!",1,,
30,Kelly T.,"Atlanta, GA",18,136,148,4.0,9/1/2015,"The food was definitely very good and amongst one of the best I've had in a while. The view was also very nice since you're on the top and able to have a bird eye view of the whole grand station. The service was also very good and the price is to be expected. Avg drink is $18 each and and meal is around $30. Just know that you're paying for the location, food and service.",1,,
31,Robert M.,"Roseland, NJ",979,316,381,5.0,3/13/2016,We had the pleasure of attending a benefit for Winston Prep Academy here last night. The place is stunning! It used to be a bank so it has the high (really high!) ceilings along with very ornate woodwork and huge Corinthian columns in all of the corners. The wait staff was huge and they were all spot on! During the cocktail hour I never held an empty glass or plate for more than a few minutes before someone came by with a tray to take it. The h'orderves were all outstanding! I lost track of how many different things they had to offer but there was a lot. When we took our seats the outstanding service continued. My water and wine glass were NEVER empty. The entrees were delicious.  Had the prime beef with a side of green beans and a sliced potato. Dessert was either a chocolate mousse cake or ice cream and fresh berries. Both were delicious. The bathrooms were very clean and had attendants. I sincerely hope to be back next year or sooner!,9,5,7
32,Steven L.,"Manhattan, NY",1269,692,4114,4.0,8/14/2013,"Came here for a technology event showcasing a new line of OLEDs.Space is huge.  Staff was very polite and they dressed up very classy.The tables on the side of the event space still has pens attached to them.  From what I notice, I guess this used to be a bank.  I didn't get a chance to walk around downstairs, but I'm pretty sure there's a vault somewhere.  The ceilings are so high, but very detailed in architecture and style.  This place has one of the highest ceilings I've seen in a building, other than Grand Central Terminal across the street.Bartenders at this venue were very fast, even though everyone was pushing to get their drink on line.  The servers who came out with plates on hand to serve mini eats were fearless, because once they come out, a horde of people would rush to them to grab what's left on the plate.  Anyone have any company or big partys at this venue? Let me know! I would love to come back.",6,,4
33,Can H.,"Laguna Beach, CA",0,15,0,5.0,1/17/2016,"Great place, very very upscale.Great venue to throw a large party for a company.We will be back!",,,
34,Keon D.,"Alexandria, VA",457,318,84,4.0,1/9/2013,"Review is for NYE party held hereCame here with a large group and we had a seated table (without bottle service). It was pricey but I'll say overall it was worth it. Staff was very very friendly, lines for the bar were never too long. Crowd was dressed very nicely. You can wear anything from a nice jacket and tie to a tuxedo if it pleases you. (weren't too many people in tux's though). The music was pretty fun (started off lame though)The venue itself is GORGEOUS, very big and spacious. The only thing I will say is initially coming inside the music from the door sounded kinda crazy cause it was bouncing around in too much space. Near the dance floor it sounded fine though. The dance floor did get a bit crammed later but at least everyone was friendly.If you get the seated table you can either be near the dance floor (loud, but near the action) or kinda far away in a corner in another side. Both have their pluses. We ended up being kinda far away which was good when we wanted to talk but it wasnt as lively if you want to hear the music. If you want to be closer to the action i suggest you request that or maybe you have to have a bottle table? not totally sure. Hors d'oeuvres were actually really really good. It's a shame we were so full we didnt get chance to eat much of them. If you have a table they bring out some just for you.Overall I would definitely recommend if you can afford the price tag. It's a fun experience which is not the s%&tshow that some new years eve's parties are. Good mix of lively people but a little more mature. Great way to avoid amateur hour without being so uptight that its dull.",11,4,6
35,Patricia T.,"Dobbs Ferry, NY",0,10,2,1.0,2/8/2017,Skip the bar in Grand Central Terminal unless you are okay with a $16 glass of mediocre Chardonnay and a bartender who has zero personality.,1,,
36,Cara G.,"Venice, CA",153,470,420,5.0,11/13/2015,"Beautiful, stunning architecture. This spot used to be a bank and it felt like the ceilings were 50 feet high with some of the bank teller Windows left for charm. I went to and event and the coat check people were very polite and fast. There was a bathroom attendant to help with any lady minute necessities and the door men were very friendly.",3,2,3
37,Erica S.,"New York, NY",0,27,0,4.0,7/28/2016,"I believe this is one of the most known places here in NYC. I love the look of this place, I mean this is one of the most charming place I've been in the city. The food is really good as well, real Italian food. Everything is very pricey here, be aware of that.",,,
38,David G.,"New York, NY",0,43,11,5.0,2/18/2016,5 Star restaurant with a first class atmosphere and top notch service. This restaurant defines quality and sets the standard for an exceptional experience.,,,
39,H S.,"New York, NY",3,164,0,5.0,12/20/2016,"My (A list) office party was held here this year (the catering location, not the restaurant).  It's an old bank and the architecture is amazing.  Seriously high ceilings with pillars.  The food was delicious, the desserts were delicious.  My office doesn't settle for anything less than stellar so they pulled out all the stops.  The drinks were flowing, dancing area was spacious.  The staff was fabulous and very friendly.  We had a great time.  The acoustics were harsh in such a large, high ceiling space so if it's an event specifically for acoustics, not the right option.  On the dance floor the band sounded great.  Toward the back it was just loud.  Those who chose not to dance and to wanted talk had to sit in a second room with the desserts.  Definitely a beautiful location for a fancy office party.",,,
40,Vered C.,"ASTORIA, NY",27,8,2,2.0,2/2/2016,Food was good for Restaurant week but where we sat was the worst!! We had a corner table beside the stairs and a homeless guy kept going up and down the stairs.  Snorting and sneezing.  They should NOT have a table at this corner. So unappetizing!!,,,
41,Lily L.,"New York, NY",324,238,31,4.0,10/25/2012,"I came here for the TJ Martell Honors Gala, so this might be a bit of a skewed review since the menu was already fixed. We had the string bean, asparagus and mushroom salad with fava bean/parmesan/whole grain flatbread for the appetizer, which was mind-blowingly awesome. Cipriani rolls were like flaky, croissant rolls - delicious and buttery with awesome texture. For the main, there was amarone braised short ribs with leek-tied carrots and a little potato croquette thing. The flavors were amazing on the short ribs, although the sides were just OK. Dessert was tiramisu in tulip shaped chocolate cups. Yum! Service was absolutely superb, and they were graceful despite it being such a well-attended and bustling event.",,,
42,Frank G.,"Manhattan, NY",2,17,2,2.0,6/26/2013,"I went there yesterday for lunch with my friend. Everyone said great things about this restaurant, so we said ""why not?! Let's try!"" We ordered the lunch menu (25USD) which includes a choice of three different starters, three main courses and dessert. I chose to have the Octopus carpacio and for main course the Chicken Cacciatore. It was quite good but portions were really minimal. But still tasted good. The reason why I gave it a two stars, it is because for the awful service we had not from the server, but from the manager on duty (A gentleman with glasses and a pink tie). When we entered into the restaurant he was seating at the bar and when he saw us, he just stood up like nothing happened and without any smile or welcoming attitude. When we asked for the dessert (which took quite a long time), he just told us "" it's coming "". No apologies or guilt signs. When we asked for the dessert for the second time, he came with 2 extra bowls of ice cream to apologize. The intentions were good but the way he did it was extremely rude. He just ""threw"" the 2 extra bowls of ice cream on our table and left without saying anything. We felt like he just wanted us to ""shut up"" and eat our ice cream and leave. Never met any manager like that. I would go back because overall food was good and servers were kind. But with such a manager around, I would just lose my appetite and my mood.",4,2,
43,Hacina S.,"Philadelphia, PA",19,4,6,2.0,11/1/2013,"Well I was a  little skeptical about the quality of the food and service because it's in a train station, yet I sat at a nice table over looking grand station, I ordered the tomato mozzarella basil and was very disappointed, the presentation was non existent, only few cherry tomatoes on the plate and way to much mozzarella and a little bit of spaghetti basil that was of course not enough. This mess is $24.95 ridiculous. Then I had the baked tagliolini with ham, that dish looked like mac&cheese to me. Not bad but over priced. The service wasn't bad. Over all im not coming back. This place is over rated.",1,1,
44,Idania D.,"Manhattan, NY",34,244,701,4.0,6/16/2014,"Came here for a wedding and was taken away by the high celings and architecture of this former Bowery Bank. It is truly beautiful and takes you back to  a by gone era.The service and food was top notch. The cocktail hour consisted of so many delicacies that it was hard to stop and I wound up eating ""strategically"".  Most memorable was the carpaccio, tuna tartare and other tuna appetizer, the porcini mushroom phylo tarts, the cold calamari/lobster salad. The pastas and risotto were also delicious. Dinner started with a whole cold lobster out of the shell-exquisite. By the time the Chilean Sea Bass came, I was beside myself but enjoyed this perfectly cooked masterpiece anyway. It was an incredible experience from start to finish, and one I will treasure.",,,
45,Ruth A.,"Manhattan, NY",2,15,0,5.0,7/13/2013,"I went to this restaurant for a black tie event and I loved this restaurant.  The decor and atmosphere of the restaurant was tastefully and meticulously done.  It was clear that there was a lot of attention to detail and careful though had been put into the atmosphere.  The ceiling is really high giving the restaurant a really elegant look and making the place grander.  I'm not sure what dinner is like normally, but because I was at a black tie event, everyone was pretty much in a tuxedo or formal dress/gown.Drinks were great and the 3 courses dinner was amazing.  I had a salad, a well-done steak and the dessert was to-die for.  Wow, just thinking about the food is making me really hungry.  The service was amazing.  Everyone was trained really well and were really attentive.  Throughout the entire event, the wait staff was always ready to refill our wine/drink glasses, remove trays, or simply check up on us to make sure the food and/or drinks were to our liking.Definitely a place I'd love to go to again, but it's pricey.",1,,2
46,Megan C.,"New York, NY",3986,825,977,3.0,12/16/2008,"Came here for a private event but the space felt too big and the food was just okay. I like the cozy feeling of their downtown location better, but had fun dancing here.Date Rating: N/A (depends on the event)Pick up Scale: N/A (again depends on the event)Strong Suggestion: Come dressed to the nines.",3,3,3
47,Vincent P.,"Yorkville, Manhattan, NY",3,3,0,4.0,4/18/2015,"The Chicken with mushrooms was exquisitely done, but the accompanying mashed potatoes were not befitting a restaurant of this caliber.  I would expect real mashed, not the powdered stove top mix one can make at home.  Ambiance was great.  And the arugula salad was excellent.  I guess the mashed is not their forte, but if not real potatoes why even offer it at these prices?  Service was attentive.",,1,
48,Vanni P.,"New York, NY",132,574,2,3.0,10/7/2013,"I have to give Cipriani 3 stars exclusively because of the ambiance: the ceiling is so high and the decor so reminiscent of a classic Italian cathedral it must be one of a kind in NYC. Open bar was pretty good quality compared to the norm for a firm party too. What really drags this place down is the quality of the food and the service: the app was an over-cooked/ under-seasoned pseudo-pasta thing, and the entree were huge chunks of roast beef drenched in oil - which the servers were spilling everywhere along with the wine.",,,
49,Miss K.,"Dallas, TX",110,94,76,4.0,1/3/2011,"Hit this club for NYE celebration. We really had a great fun. Who doesn't? It was NYE with DJ, dance floor, drinks. It is located right across the grand central station. This used to be a bank before but they converted into restaurant/club. Their ceilings are high, huge and nicely decorated.Best part was we didn't had to wait too long to get into the club on NYE. Club was really huge and too spacious. DJ rocked definitely and I think a friend of DJ who is DJ too he played some rocking Indian song... we made my NYE. Cheers.",2,,
50,Susanita F.,"Jersey City, NJ",5,7,352,4.0,5/19/2015,Great service every time!!! Great drinks! Food is ok but as long as the wine selection is good I am content! Champagne is very good!  Atmosphere is nice! Alive! I love to sit outdoors spring and summer! Outdoor sitting area is very limited so make reservations a few days prior to your visit!,,,
51,S R.,"Manhattan, NY",0,16,0,1.0,6/5/2014,"We really should have just walked out when the first thing that happened when we walked up was 3 staff members arguing in front of my fiance and I about which of them would have to seat us, but we didn't.  Service was slow, lazy, and inconsistent (I spent half the time there with an empty water glass).  The food was at best mediocre (and one of our pastas was undercooked to the point of almost bring hard in the middle), especially for the price, and the portions were small.  No beer on tap, and even their house wine was $11/glass.To add insult to injury, after taking over 10 minutes to box one plate of leftovers (the boxing of which two of the staff argued about who would do in front of us as well) and bring the check (note that this was after waiting 10+ minutes clearly ready to go before having to flag someone down to request the check), the waiter had the audacity to circle the precomputed tips on the bill, as if to say, ""you look cheap, so don't forget."" Then he took another 5 minutes to run my card with the place half empty.  No buddy, you got $4 on a $50+ check because you suck at your job.This is a restaurant in a train station, it is completely inexcusable how slow they are.  And that's leaving aside the fact that for less than 1/2 the price, you could get better food down in the for court. Let them fleece tourists and commuters who don't know any better, but don't be a sucker yourself.",5,3,1
52,Annette V.,"New York, NY",779,234,34,3.0,8/12/2013,"Wedding Event, pretty place, good food. I don't have much else.",,,
53,Rita A.,"San Diego, CA",135,213,125,5.0,3/28/2012,"10hrs of shopn, 5hrs of spa time, ahhhhhhhh now at cipriani's (my FAV rest here). Cipriani's is an old building in SOHO w high ceilings and amazing artwork. Food was absolutely deeeee-Lish. We had scrumptious pasta and mouthwatering desserts-but you cannot go to NYC without a Cipriani bellini. It's necter from heaven and an absolute MUST!      MERCI NEW YORK. Best place n the world AFTER France. Arabic Blood. French heart. I think i was french in another life.",1,3,3
54,Allen C.,"Manhattan, NY",0,31,0,5.0,10/10/2015,"I don't know about the restaurant a Grand Central Station but Cipriani across the street in the old Bowery Savings Bank is the best there is. Ambiance, food... pure  New York.",,1,1
55,Lisa M.,"New York, NY",0,20,0,5.0,3/1/2016,I love this place the food is so good. Grand central is pretty touristy but the food is really worth it. I for one like that it's in grand central.,,,
56,PP K.,"Brooklyn, NY",0,12,0,1.0,1/30/2014,"For the price and location, this was a huge disappointment.The food was very cheap, bland, and not good at all.The service was terrible.Avoid",2,1,2
57,Sung Moo C.,"Hoboken, NJ",71,142,63,5.0,12/4/2014,Here for the Outreach Foundation Luncheon. Great organization which provides so much for the rehabilitation of Americans in greater NYC. One of the best venues in NYC that define service and opulence. The space use to be a Dime Bank and fortunately they kept much of the original architecture and finishes. Real taste of old NY.,,,
58,Sisi R.,"New York, NY",39,74,0,4.0,8/29/2012,"Came here for a private benefit and almost didn't get let in because I was wearing ripped jeans. Oops. The food was good, although the restaurant was so huge, with high high ceilings, that it's great for large events or a large amont of people dining but definitely not what you want if you're looking for super small cozy and intimate. the decor was nice. Service was good and prompt. Also I bumped into Adriana Lima in the bathroom.",,,1
59,Gina E.,"New York, NY",0,3,0,5.0,1/25/2016,"In love with this space!!! Went to a premier party here a few weeks ago and everything was spectacular. The food, the service and the ambiance were on point. It was star studded event and needless to say it looked and felt like Hollywood. I would for sure recommend this space for an event.",,,
60,Kathy S.,"Lavallette, NJ",55,10,0,1.0,3/9/2015,"Friday, 3/6/2015 my husband and I had reservations at Cipriani's.  We know this is an expensive restaurant, so with it being ""Restaurant Week"", we thought we would give it a try.  First of all, we didn't realize that this location was in Grand Central Station right out in the open. No one mentioned that when we made the reservation and they should have!  People walk by, stop in with their bags etc., and it totally takes away from the ambiance-in fact there is no ambiance, so I was immediately disappointed by that.  I dressed nicely for a nice restaurant, but this location simply did not require anything but jeans and a sweatshirt. The first server to come over to us was not very nice.  He did not say hello, welcome to Cipriani's, my name is...nothing at all like that.  He just said drinks?  I was not impressed. He quickly and wrongly surmised that we were not going to spend a lot of money so he shoved us off onto another server, which was fine, he was much nicer, just somewhat inexperienced, but a very nice man.  We ordered a bottle of champagne to start the evening and then we ordered the menu for restaurant week.  I must say, for a restaurant like Cipriani's, I expected so much more than what we got.  My husband and I both ordered the Buffalo mozzarella.  It was not good quality, and it came with cherry tomatoes cut in half with a few shreds of basil.  No olive oil.  It was an embarrassment.  Next came the entrees.  My husband got veal ravioli and I got the lemon sole.  The ravioli were quite small and came on a small plate with no sauce and they were dry and tasteless.  I could not believe they would even serve something like that!  It was pitiful and a disgrace!  My lemon sole which made no mention of any sauce that would be on it, came with a red sauce all over it which made me wonder why.  Lemon sole is usually lightly broiled and served with nothing but maybe a little butter, salt and pepper.This fish was old and they were covering that fact with the sauce.  Another disgraceful dish.  Dessert was equally awful.  They brought out a pumpkin pie that looked brown and not at all appetizing and a lemon meringue pie that was worse than what you would get in a diner. In fact, I know at a diner the pies would have been awesome compared to these sad desserts! Needless to say, the best part of our meal was the champagne.  I feel that if you are going to participate in restaurant week, that you should put your best foot forward or don't even bother.  As a result of our experience, we have absolutely no desire to come to Cipriano's and pay regular prices because we have such a bad taste in our mouths, no pun intended.  Unfortunately, because Cipriani was so focused on making the most money they could, they blew an opportunity to ""wow"" us having us wanting for more and coming back again.  Now we will never be back to any of their locations.  There are plenty of very good restaurants in NYC, so we don't need Cipriani's. My husband and I were in the restaurant business for 24 years as owner/operators.  We understand the business fully and we would never serve the food that we were served, ever, to anyone. We owned fine dining establishments that were respected for the food and the service and the ambiance.  Cipriani's had no ambiance, terrible food, and inexperienced service.  A lose, lose, lose situation.  I hate wasting my money.  I don't mind paying good money for good food and good service, but this was not the case here.  I might as well have thrown my money up in the air so the pigeons who fly around and over your head could pick it up and use it for nesting!",4,5,1
61,James D.,"Chelsea, Manhattan, NY",887,95,65,5.0,12/10/2014,"This place is really amaizing !!! Beautiful high Cielins, great deco, great service till the end!!!  Very recommend for big parties!!!",,,
62,Ethan C.,"Hoboken, NJ",28,22,1,1.0,11/13/2013,"Our office got delivery from Cipriani via Seamless.  Order was half an hour later than their ""projected"" delivery time, which was already an hour long. Food was cold when it arrived. But the worst part of the whole thing, because I can deal with slow delivery, it's not always the restaurant's fault, but the portion was tiny.  I ordered a hot lunch special from them, expecting a lunch. What I got was a plastic container that normally would hold a side dish at most take out places, with both my main course and side piled into it.  For $10 I expected actual food. For the same price I could have gotten three times (not an exaggeration) as much food at the deli across the street, which is what I had to do after eating my ""lunch"". Never again.",1,1,
63,Jeanine C.,"Mountain View, CA",126,36,0,3.0,3/3/2014,"I enjoyed the Prefix menu, and it was a good value. The regular menu was a bit pricey, even for Manhattan. Get the carafe of wine, it's a better value than wine by the glass. The house red is actually quite good, and the medium carafe was at least 4 glasses of wine. The ricotta cheese cake was fantastic.  Everything we ate was good. Location very convenient if meeting someone. Service was good.",,,1
64,Vanessa H.,"Manhattan, NY",87,139,0,3.0,6/27/2014,"Great event space, but the food is nothing exciting (can't be helped as a result of mass production). My favorite part of our event's three-course menu was the lobster salad appetizer and that essentially just required boiling of said crustacean and slicing some veggies...",,,
65,Sidaq G.,"Los Angeles, CA",0,8,0,5.0,9/2/2015,"The Bellini's here are amazing! Its a must place if your going to NY anytime soon. Although the restaurant is a little cramped, especially in the corner, the food was absolutely amazing!",,,
66,Christopher M.,"New York, NY",1578,1618,380,4.0,11/9/2011,I really want to give a 3.5-star rating.  But I'm bumping it up to 4-stars since the service is impeccable!  The space is gorgeous and adequately cavernous without being pretentious.  Some of the food is phenomenal.  Some of it was quite common and didn't taste as wondrous as you'd expect such an establishment to prepare.  I highly recommend this as an option for a major fundraising or corporate party event.  Going through the wait time to get a reservation for solo dining???  I'm not so sure.,,,
67,Leza H.,"Las Vegas, NV",17,94,1,5.0,9/12/2012,"We stopped in for Bellinis, Limoncello, and dessert after eating somewhere else. They gave us the best table in the place for dessert. Everything was amazing and impeccable service. So, elegant. I can't wait to go back",4,1,
68,Linda W.,"New York, NY",39,408,115,4.0,1/9/2008,"Oh how I love Cirpriani.  My alumni association has an event every January here, and it's always well done.  They have our school mascot tastefully projected everywhere in the main room.  Multiple bars, multiple food stations.  The food is great, though I guess it doesn't take much to make carpaccio, proscuitto, grilled asparus, grilled onions.  It was all very good food, and there was lots of it.  And best of all, they serve white peach bellinis.  What can be better than a night eating food and drinking white peach bellinis.  I love these things.Though they did start flashing the lights, and trying to get us out as soon as our reserved time ended.  Guess they needed to clean up.",1,,1
69,John R.,"Warren, NJ",174,1219,345,4.0,5/6/2011,"I have only been here for a private event and they certainly knew how to cater to an enormous crowd. Great food and attention to detail actual made everything work when space was tight -- yes, even for the amazing large room they have.",,,
70,Shasha M.,"Los Angeles, CA",60,279,7,3.0,1/8/2008,"My company rented Cipriani out for our corporate holiday party.  We packed it to its gills -- I estimate that there were easily over a thousand people in here.Surprisingly enough, the multiple bars were fully staffed and equipped to handle such large volumes.  I did not have to wait long at any one point to get a drink, and they were all well-made and plenty alcoholic in nature.They had buffet-style snacks, and although I very rarely eat anywhere that has a buffet, I had a taste of the grilled arthichokes -- and they did not disappoint.  I am sorry to say that I missed out on their penne pasta in red sauce, my favorite dish and a famous dish of theirs, but my friends all assured me that it was delicious.Really, the only reason it loses stars is unfair, because it had nothing to do with the actual venue -- there was a truly awful Beatles cover band playing, and it really ruined the atmosphere.",,1,
71,Margaret P.,"New York, NY",0,16,0,1.0,9/6/2014,"Came to have 1 mimosa before a train...$19 for a mimosa...same price as a full glass of champagne. How does that make sense? I mean it's grand central station, not the Ritz.",,2,1
72,Elisa C.,"New York, NY",69,58,29,5.0,3/19/2013,I come here at least once a year for large scale events/galas.  As my job often finds me at these sorts of events I've learned to overlook the glitter and to dread the inevitable rubber chicken or overcooked beef.  This is not the case at Cipriani's.  The decor is tasteful.  The food is excellent (and that's saying something when they're serving 200 steaks at a clip). The events (from a spectators perspective) always seem to go off without a hitch.  Congrats Cips we'll be back.,,,
73,James R.,"New York, NY",877,196,56,4.0,4/22/2012,Awesome event room (former massive bank hall).,1,,1
74,Omar Q.,"Manhattan, NY",0,2,0,3.0,9/12/2014,"Went there for lunch,- the quality of the food overall was pretty good (we had the branzino and chilean seabass). However, service was slow and lazy, and the food was frankly overpriced for what it was.",,,1
75,David Y.,"Sacramento, CA",83,178,9,5.0,2/13/2010,"The epitome of New York swank, Cipriani creates the ultimate dining experience.  Known for its distinctive cuisine and classic service, the venue exudes Italian Renaissance charm with its towering marble columns, soaring ceilings, and magnificent inlaid floors.  The food was fantastic and the service superb.  For those with means to indulge in a night of extravagance and luxury, it really doesn't get better than this.Appetizer: Fresh Crab with Advocado and Tomato ConcasseMain Course: Roast Filet of Beef with Sauce Perigroudine, Bundle of String Beans with Leeks and Patate AnnaDessert: Teardrop TiramisuDrink: Delamain Cognac Grand Champagne ""Pale and Dry""$$$$",2,,
76,Ramona C.,"New York, NY",1,40,0,2.0,12/29/2014,"I have been there twice this year and both times my experience was dissapointing. It has become a tourist trap, mediocre food (especially pasta, which they used to be known for) and not cheap at all. Not going back.",,,
77,Los X.,"New York, NY",18,117,1,2.0,10/24/2009,"Cipriani is about the scene & not the food. Don't get me wrong, the food is good, but not great. And for what they charge, shit, they can keep it. Determining a quality italian eatery is not hard to do, especially the traditional ones. It's all about homemade, quality, ingredients. There's absolutely no reason why you need to charge a premium on tomato sauce. But yet, Cipriani comes up with ways to burn a hole in your pocket. If it wasn't for the astronomical prices, they would have earned another star or two. For half the price, I have a spot where I can bring my own bottle, eat large portions, & the chef will come out and greet me personally. Luka's: Ridgefield Park, NJ .....Chef Luka, you owe me one.",3,1,
78,Cloe A.,"Malibu, CA",5,45,0,4.0,12/25/2010,"Great food and staff. Always on my map when I stop bye the big apple. As always, the manager sent over a few rounds of their famous B's. They know how to take care of the girls!Food is wonderful and desserts are worth trying. It is on the high side though as far as pricing goes.Happy Holidays!",,,
79,Joel S.,"New York, NY",36,640,14,4.0,11/2/2012,"Beautiful space on the site of the old Bowery Savings Bank.  The gorgeous stonework was preserved, as were the old teller's windows!  The Bellinis were excellent.  The food was OK to good.  The service was very attentive and way above average for this sort of place.  A festive place to have an event!",,,
80,P W.,"New York, NY",187,796,191,4.0,1/2/2009,"It's been years since I've attended one of these big NYE productions with ridiculous ticket prices. It's usually a huge disappointment so I didn't come here with high expectations. I thought it was going to be a disaster with the long line outside to get in then the bottle neck to get to the mandatory coat check on the inside. Once I got through the craziness of the crowd, I looked before me and there was the most beautiful interior of a ballroom that I have ever seen. The ceilings were sky high with gorgeous marble columns going down either side of the space. Absolutely breathtaking. For an event that attracted easily 1,000 people, it wasn't the disaster I was expecting. Hors d'oeuvres and open bar through 3am were included. I was able to snag a few bites and the bars were easily accessible all night. Drinks were surprisingly stiff too. The staff and bartenders were friendly and responsive. The DJ was really good too even though I think he did the New Year's countdown a few minutes too early.Dancing the night away with friends at Cipriani 42nd Street made for a great start to 2009.",7,1,11
81,Chita D.,"New Erection, VA",2,229,6,4.0,12/18/2008,"My job had it's corporate holiday party here, last night.Free drinks & free food...you really can't (and shouldn't...it's free, man) complain.The place use to be a bank, it's huge...reminds me of a venue to hold a wedding or event of the likes. I did like the old bank teller windows still chillin' around the place...don't know if I'd choose to hold an event here (but since I wasn't the one paying at this particular event, I could give two shits).The food kept coming & the alcohol kept a-flowing.Having a corporate (free) event here? Sure, I'll go.",7,8,6
82,Amador A.,"Queens, NY",427,756,202,4.0,1/1/2009,"My girlfriend and I went here for the 08 into 09 New Year's Gala. From when you first walk in you walk into a huge open area where the ceilings are about 100 feet high, kinda looks like a huge mansion. The wait staff is very attentive and friendly every time I tried to give a staff member a tip they would always walk away from it, which was pretty interesting. h'ors d'eouvre kept on comming and drinks were flowing.  I would have to say there were 5 bars and all of them served guests in a very timely manner.I would definitely go back for another event hosted in Cipriani.",4,,1
83,Mark Anthony B.,"Westchester County, NY",200,168,120,4.0,2/16/2009,"Cipriani gets the job done and more, especially with gatherings and celebrations. The two times I came here for my school's fundraiser dinner, the food, the ambience, and good company deliver. Not to mention networking. Although the time spent was short-lived during each event, the time had was wonderful. I came with friends and we hung out with the waiters to get extra food, and we forgot after appetizers that there was still entree.Braised lamb shanks, carpaccio, caneton à l'orange (duck), gamberetti all'olio e limone (shrimp), prosciutto e mozzarella, and insalata di fagiolini caciocavallo e pomodoro (string beans and good stuff) were just a few of the starters we had. I have had the risotto con asparagi and pomodori gratinati for first course, and both weren't bad. The filetto di manzo al barolo (roast beef) and carre di agnello arrosto (lamb) were both great and tender. If you want more and have been friendly with the waitress, this was the best time to get seconds for my friends and myself. But usually, you were so full before entrees anyways, from all the alcohol and the appetizers. Of course there was dessert: torta di cioccolato and crostata di fragole. Followed by some line dancing and inebriated people, time was well-spent. Everything was good. If anything was bad, the other ones made up for it. You'll spend a paycheck.",2,,
84,Robert H.,"Manhattan, NY",1,36,0,1.0,5/18/2014,"Ate some chicken here, got very sick and started vomiting, had to leave :(",,,
85,PJ G.,"New York, NY",283,229,5,5.0,2/21/2008,"Last night was the second time I was here; both times were for events.The space is beautiful, high vaulted ceilings with mosaics, and there were gargoyles set into the end of each arch.The waitstaff is incredibly attentive; I went over to the h'ors d'eouvre table and a server plucked items for me and placed them on my plate, then handed me a fork. There were hot entree stations, a wine and cheese station, as well as servers walking around with finger foods. As for alcohol, oh my god! Not only did they have servers walking around with champagne and bellinis, there were three or four open bars.The setting is elegant, the service is elegant, the presentation is elegant, sorry to use the same superaltive, but it was a first class event  at a first class place.",1,,
86,Laur T.,"New York, NY",26,780,0,3.0,12/6/2008,"Was there for an event. Such grandeur and how lovely the interior is. Didn't think too highly of the wait staff. Perhaps they got some temps for large events? They seemed to take forever to tend to my requests. Also, I'm not a big fan of food served at events. First the pre-fixe option does not appeal to me. Second, I think the stress on the kitchen to dish up food at the same time for all the guests would to some degree affect the overall taste and presentation. I would say the meal was fine... nothing ooh-la-la. Perhaps the organizer was on a budget :pAnyway, I've also felt the same way with the Cipriani's lunch take-out spot. Not too impressed.",,1,
87,John S.,"Brielle, NJ",0,7,0,1.0,3/9/2015,"My wife and I dined at Cipriani's (Grand Central Station) location on Friday evening, 3/6/2015. Both my wife and I have been in the restaurant business (owned and operated 3 fine Italian dining restaurants for 24 years); so our palates are truly diversified and knowledgeable. We enjoy dining in the New York City restaurants as often as we can. Now, let's get down to business. The original server that approached us was rude. He actually tried pushing our drink and food order even before i took my jacket off. Once he realized that we were going to be dining, not to be rushed, he passed us on to another, kinder, less experience waiter (which was fine). Appetizers: so they call that fresh, homemade Buffalo Mozzarella ? Can't be. Little pieces served with cherry tomatoes and a few shreds of basil. I was embarassed and I don't even owe the place! Not even a trace of Olive Oil, which the young, inexperienced waiter brought for us. Entrees: My wife's fish was pitiful. With a sauce that I can't even discribe. I have never, in all my years in the industry, saw a sauce like that before. We would have enjoyed it more if it came from a can. My so-called homemade veal stuffed ravioli's had to be freeze dried. Had to be....Had to be.....I am telling you, they were the smallest, tasteless, driest ravioli that I have ever tried (where was the sauce?). Desserts: ""let's see? What do we have left over in the freezer from the holidays that we can serve, oh yeah, what about this frozen pumpkin pie, back here by the frost bitten fish....here we go.....let's get rid, I mean, serve this to our wonderful patrons who like to spend a lot of money on less than edible food. But, they are eating at Cipriani's!""   FYI - Whipped cream may of helped, but I doubt it. The one thing that I will say, is that the bottle of Champagne and my wife's beautiful eyes and smile were magnificent !!!!! Thank you babe for saving the evening !!!!",,,
88,Courtney T.,"Nolita, Manhattan, NY",1,44,0,3.0,3/4/2012,"I am giving this place three stars based on one five star experience and one barely two star experience.  Both times that I have been here, I just came for the Bellini.  The first time, we just happen to be in the neighborhood, got some amazing news, and thought the best way to immediately celebrate was to come here and have at least one round of Bellini. The two of us have had our fair share of Bellini experiences- even at it's birthplace at Harry's Bar in Venezia- and it was here we consumed positively the best Bellini ever!  To top it off, the service was sublime and the atmosphere as well (don't forget to admire the ceiling of Grand Central- breathtaking).  However, the second time we came here, a few months after the first,   we were hopeful for the same stellar taste and service.  Unfortunately, we felt like we were back in the Harry's Bar in Venezia- the wait staff too consumed in themselves to truly be attentive and make a drink beyond a just plain OK (questioning why these prices are so high).  It was not even as if we came at a busy hour, but rather simply a day when the entire waitstaff was in a bad mood. As a side note, the best Harry's Bar I have ever been to in the world (the one time I didn't order a Bellini from them) is in Firenze- if you're ever in the neighborhood, it's well worth every penny (or centesimo).",1,2,1
89,Kelvin T.,"New York, NY",57,285,19,4.0,1/29/2009,"FYI this is a review specifically of the luncheonette not the hideous restaurant / event exposition. I wanted to mention the value you get here for lunch with a variety of tasteful hot entree selections - lamb, fish, pastas, beef, and great panini's, salads, and sandwiches. Drawbacks are long lines at peak lunch hours, very limited seating, filled with attention mongering egotistic clientele in their Brioni/Belvest suits and CL heels - lucky you won't have a chance to sit beside them.Harry's at the Pierre would be the location to go but overall Cipriani is over rated, over priced, and just over except for the luncheonette - i'm not being cheap but just a value connoisseur coz i work for my paper.",,,
90,Sarah B.,"New York, NY",41,280,505,4.0,12/13/2005,"A very elegant eatery located in no other than Grand Central Station, Cipriani's offers professional service frequented by a suit-and-tie clientele.  Their 'Safe Way to Gaining Weight' lunch special is the way to go.  For $24, you will get a mixed green salad, a choice of chicken or pasta, dessert, and coffee.  This restaurant is my midtown pick if you are looking for something on the upscale side for your lunch escape.  Make reservations.",,,
91,khalifa a.,"Washington, DC",3,22,24,5.0,12/8/2010,The lobster risotto is to dieeee for !!!! I finished the whole huge plate,,,
92,Michele W.,"Los Angeles, CA",153,308,0,1.0,2/6/2006,"I was less than impressed with this restaurant. Although the view was interesting--the balcony overlooks Grand Central Terminal--the smell of cleaning solution was prevalent throughout the whole meal...not exactly appetizing. The wait staff is inattentive, and the food is only mediocre for the price. I am a brunch addict, so I went for the eggs benedict on the prix fixe brunch menu, and found everything merely so-so. The potatoes with red pepper were not even edible, in my opinion. There are much better restaurants in the area, and I won't be going back.",4,2,
93,David W.,"New York, NY",167,834,0,2.0,6/15/2009,"Picked up a quick sandwich for lunch from here.  The sandwich was a little overpriced at $8 and was not that big or meaty.  It was a decent sandwich, but I would definitely recommend looking elsewhere for food before overpaying for this place.",,1,
94,Paul M.,"New York, NY",1104,153,103,5.0,1/4/2009,"My company had a holiday party at Cipriani 2 years ago and I still cant get that night out of my head.  The food, location, drinks, ambiance, and service was just top notch.... highly recommended!!!!!",1,,1
95,Charmaine L.,"New York, NY",1,11,0,4.0,1/13/2008,"Was here for an awards ceremony, great upscale space.  Definitely a spot every NYer should experience at least once.  Had the signature bellini and risotto.  Filet was a pretty generous cut too.",1,,
